BusinessEntityID;StoreName;AnnualSales;AnnualRevenue;BankName;BusinessType;YearOpened;Specialty;SquareFeet;Brands;Internet;NumberEmployees;etlloadid;etlloaddate
302;Area Bike Accessories;300000.0;30000.0;International Bank;BM;1982;Road;9000;AW;T2;8;12370;07-11-2018
304;Bicycle Accessories and Kits;300000.0;30000.0;Primary Bank & Reserve;BM;1990;Mountain;7000;AW;T1;9;12370;07-11-2018
306;Clamps & Brackets Co.;800000.0;80000.0;International Security;BM;1985;Mountain;17000;4+;DSL;10;12370;07-11-2018
308;Valley Bicycle Specialists;3000000.0;300000.0;Primary Bank & Reserve;OS;1979;Mountain;72000;4+;DSL;66;12370;07-11-2018
310;New Bikes Company;1500000.0;150000.0;International Security;OS;1974;Road;39000;4+;T1;40;12370;07-11-2018
312;Vinyl and Plastic Goods Corporation;1500000.0;150000.0;Primary Bank & Reserve;OS;1980;Mountain;41000;4+;DSL;43;12370;07-11-2018
314;Top of the Line Bikes;1500000.0;150000.0;International Bank;OS;1986;Touring;40000;4+;DSL;46;12370;07-11-2018
316;Fun Toys and Bikes;300000.0;30000.0;Primary Bank & Reserve;BM;1973;Touring;6000;2;DSL;2;12370;07-11-2018
318;Great Bikes ;300000.0;30000.0;International Security;BM;1981;Mountain;10000;4+;T3;3;12370;07-11-2018
320;Metropolitan Sales and Rental;300000.0;30000.0;Guardian Bank;BM;1976;Road;6000;AW;T1;4;12370;07-11-2018
322;Irregulars Outlet;300000.0;30000.0;Primary International;BM;1984;Mountain;7000;AW;DSL;5;12370;07-11-2018
324;Valley Toy Store;300000.0;30000.0;Reserve Security;BM;1979;Mountain;9000;2;T1;6;12370;07-11-2018
326;Worthwhile Activity Store;300000.0;30000.0;United Security;BM;1987;Mountain;8000;2;DSL;7;12370;07-11-2018
328;Purchase Mart;1500000.0;150000.0;United Security;OS;1992;Touring;38000;3;ISDN;49;12370;07-11-2018
330;Major Sport Suppliers;3000000.0;300000.0;Reserve Security;OS;1998;Mountain;68000;3;DSL;52;12370;07-11-2018
332;Family's Favorite Bike Shop;800000.0;80000.0;Primary International;BM;1997;Mountain;21000;3;ISDN;18;12370;07-11-2018
334;Global Plaza;800000.0;80000.0;Reserve Security;BM;1975;Mountain;19000;3;DSL;19;12370;07-11-2018
336;Imported and Domestic Cycles;1000000.0;100000.0;United Security;BM;2000;Road;24000;2;T1;20;12370;07-11-2018
338;Systematic Sales;3000000.0;300000.0;Primary International;OS;1999;Touring;73000;4+;DSL;55;12370;07-11-2018
340;eCommerce Bikes;3000000.0;300000.0;Guardian Bank;OS;1999;Mountain;69000;2;DSL;58;12370;07-11-2018
342;Mountain Toy Store;800000.0;80000.0;International Bank;BM;2000;Road;18000;4+;DSL;17;12370;07-11-2018
344;Retail Sales and Service;800000.0;80000.0;Primary Bank & Reserve;BM;1994;Road;18000;2;DSL;14;12370;07-11-2018
346;Designated Distributors;3000000.0;300000.0;International Security;OS;1979;Road;72000;4+;T2;61;12370;07-11-2018
348;Bold Bike Accessories;3000000.0;300000.0;Primary Bank & Reserve;OS;1999;Mountain;72000;4+;DSL;58;12370;07-11-2018
350;Twin Cycles;800000.0;80000.0;International Security;BM;1988;Touring;21000;AW;T1;11;12370;07-11-2018
352;Tiny Bike Boutique;300000.0;30000.0;International Bank;BM;1978;Road;6000;4+;DSL;4;12370;07-11-2018
354;Acclaimed Bicycle Company;3000000.0;300000.0;International Bank;OS;1979;Touring;73000;3;DSL;61;12370;07-11-2018
356;Serious Cycles;3000000.0;300000.0;United Security;OS;1996;Mountain;71000;4+;ISDN;64;12370;07-11-2018
358;Quality Bike Sales;3000000.0;300000.0;Reserve Security;OS;1991;Touring;74000;3;DSL;67;12370;07-11-2018
360;Novelty Bikes;3000000.0;300000.0;Primary International;OS;1993;Touring;74000;4+;ISDN;70;12370;07-11-2018
362;Distinctive Cycles Sales & Service;3000000.0;300000.0;Primary Bank & Reserve;OS;1995;Mountain;75000;3;DSL;79;12370;07-11-2018
364;Leading Bike Distributors;800000.0;80000.0;Reserve Security;BS;1978;Road;18000;3;T1;13;12370;07-11-2018
300;Nationwide Supply;800000.0;80000.0;Guardian Bank;BM;1987;Touring;21000;4+;DSL;17;12370;07-11-2018
298;The Bike Mechanics;800000.0;80000.0;International Security;BM;1994;Mountain;18000;2;DSL;16;12370;07-11-2018
296;Riders Company;800000.0;80000.0;Primary Bank & Reserve;BM;1999;Road;21000;2;DSL;15;12370;07-11-2018
294;Professional Sales and Service;800000.0;80000.0;International Bank;BM;1991;Touring;18000;4+;T1;14;12370;07-11-2018
292;Next-Door Bike Store;800000.0;80000.0;United Security;BM;1996;Mountain;21000;2;ISDN;13;12370;07-11-2018
366;Activity Center;1500000.0;150000.0;Primary Bank & Reserve;BS;1971;Road;37000;3;DSL;37;12370;07-11-2018
368;Brightwork Company;1500000.0;150000.0;International Security;BS;1979;Mountain;36000;4+;ISDN;38;12370;07-11-2018
370;Resale Services;800000.0;80000.0;United Security;BM;1988;Mountain;21000;2;DSL;16;12370;07-11-2018
372;The Gear Store;800000.0;80000.0;International Bank;BM;1982;Mountain;21000;2;DSL;14;12370;07-11-2018
374;Immense Manufacturing Company;3000000.0;300000.0;Guardian Bank;OS;1998;Touring;76000;4+;DSL;73;12370;07-11-2018
376;Extended Bike Sales;3000000.0;300000.0;International Security;OS;1990;Mountain;73000;4+;DSL;76;12370;07-11-2018
378;Pedaling Components;1500000.0;150000.0;United Security;BS;1988;Touring;36000;4+;DSL;35;12370;07-11-2018
380;Workout Emporium;1500000.0;150000.0;International Bank;BS;1976;Touring;39000;4+;T1;36;12370;07-11-2018
382;Work and Play Association;800000.0;80000.0;Primary Bank & Reserve;BM;1976;Road;22000;4+;DSL;12;12370;07-11-2018
384;Seaside Bike Works;800000.0;80000.0;International Security;BM;1970;Touring;19000;3;T1;10;12370;07-11-2018
386;Nice Bikes;300000.0;30000.0;Guardian Bank;BM;1975;Road;9000;4+;DSL;8;12370;07-11-2018
388;Remarkable Bike Store;800000.0;80000.0;United Security;BS;1972;Road;17000;3;T2;10;12370;07-11-2018
390;Road-Way Mart;1000000.0;100000.0;Reserve Security;BS;1998;Mountain;26000;3;DSL;27;12370;07-11-2018
392;Small Cycle Store;1000000.0;100000.0;United Security;BS;1971;Road;25000;3;T1;28;12370;07-11-2018
394;Blue-Ribbon Bike Company;300000.0;30000.0;Primary International;BM;1970;Touring;9000;AW;T1;6;12370;07-11-2018
396;Flawless Bike Shop;300000.0;30000.0;Reserve Security;BM;1978;Road;10000;3;T2;4;12370;07-11-2018
398;Grand Bicycle Stores;300000.0;30000.0;United Security;BM;1973;Mountain;10000;AW;ISDN;2;12370;07-11-2018
400;Exertion Activities Club;1500000.0;150000.0;Guardian Bank;BS;1984;Touring;38000;4+;T1;32;12370;07-11-2018
402;Impromptu Trips;1500000.0;150000.0;Primary International;BS;1978;Mountain;37000;4+;ISDN;33;12370;07-11-2018
404;Margie's Travel;1500000.0;150000.0;Reserve Security;BS;1972;Mountain;35000;2;T1;34;12370;07-11-2018
406;Kickstand Sellers;300000.0;30000.0;International Bank;BM;1981;Mountain;8000;4+;T1;3;12370;07-11-2018
408;Nearest Bike Store;300000.0;30000.0;Primary Bank & Reserve;BM;1976;Touring;8000;4+;T1;4;12370;07-11-2018
410;Fast Bike Works;1000000.0;100000.0;Primary International;BS;1971;Touring;25000;4+;DSL;28;12370;07-11-2018
412;Gasless Cycle Shop;1000000.0;100000.0;Reserve Security;BS;2001;Road;24000;3;DSL;29;12370;07-11-2018
414;Lubricant and Grease Suppliers;1500000.0;150000.0;United Security;BS;1996;Mountain;37000;4+;DSL;30;12370;07-11-2018
416;Teen Discount Store;800000.0;80000.0;Reserve Security;BM;1994;Mountain;18000;3;DSL;16;12370;07-11-2018
418;Transportation Options;800000.0;80000.0;United Security;BM;1987;Mountain;20000;3;DSL;17;12370;07-11-2018
420;Capital Riding Supplies;1500000.0;150000.0;Primary Bank & Reserve;OS;1986;Mountain;39000;2;DSL;46;12370;07-11-2018
422;Bike Boutique;1500000.0;150000.0;International Bank;OS;1992;Road;41000;4+;ISDN;49;12370;07-11-2018
424;Bikes Anyone?;1000000.0;100000.0;International Security;BS;1996;Touring;27000;3;DSL;22;12370;07-11-2018
426;Cross-town Parts Shop;800000.0;80000.0;Guardian Bank;BS;1990;Road;23000;2;T1;19;12370;07-11-2018
428;Finer Cycle Shop;800000.0;80000.0;Primary International;BS;1984;Mountain;20000;4+;ISDN;16;12370;07-11-2018
430;Center Cycle Shop;1000000.0;100000.0;Primary Bank & Reserve;BM;2000;Road;25000;4+;T1;20;12370;07-11-2018
432;Bulk Discount Store;800000.0;80000.0;International Security;BM;2000;Road;21000;3;DSL;17;12370;07-11-2018
434;Country Parts Shop;800000.0;80000.0;Guardian Bank;BM;1994;Road;21000;4+;DSL;14;12370;07-11-2018
436;Second Bike Shop;800000.0;80000.0;Guardian Bank;BM;2000;Road;21000;4+;T1;19;12370;07-11-2018
438;First-Rate Outlet;1000000.0;100000.0;Primary International;BM;2000;Road;26000;3;T1;20;12370;07-11-2018
440;Juvenile Sports Equipment;800000.0;80000.0;Reserve Security;BM;1994;Mountain;20000;2;DSL;18;12370;07-11-2018
442;Another Bicycle Company;300000.0;30000.0;Reserve Security;BM;1973;Touring;6000;AW;DSL;2;12370;07-11-2018
444;Fourth Bike Store;300000.0;30000.0;United Security;BM;1981;Touring;9000;AW;T1;3;12370;07-11-2018
446;Rodeway Bike Store;300000.0;30000.0;International Bank;BM;1976;Mountain;7000;4+;DSL;4;12370;07-11-2018
448;Traction Tire Company;1500000.0;150000.0;International Bank;BS;1990;Mountain;39000;2;DSL;31;12370;07-11-2018
450;Unsurpassed Bikes;1500000.0;150000.0;Primary Bank & Reserve;BS;1984;Touring;39000;3;DSL;32;12370;07-11-2018
452;Field Trip Inc;1500000.0;150000.0;International Security;BS;1978;Road;35000;4+;DSL;33;12370;07-11-2018
454;Tire Company;1500000.0;150000.0;International Bank;BS;1983;Road;37000;2;DSL;45;12370;07-11-2018
456;Uncompromising Quality Co;1500000.0;150000.0;Primary Bank & Reserve;BS;1991;Touring;39000;4+;DSL;46;12370;07-11-2018
458;Metallic Paint and Overcoat Co;1000000.0;100000.0;Primary Bank & Reserve;BS;1971;Road;26000;3;DSL;28;12370;07-11-2018
460;Pro Sporting Goods;3000000.0;300000.0;Primary International;OS;1972;Mountain;79000;4+;DSL;90;12370;07-11-2018
462;Sporting Goods and Bicycle Shop;3000000.0;300000.0;Guardian Bank;OS;1977;Road;78000;3;DSL;91;12370;07-11-2018
464;Odometers and Accessories Company;3000000.0;300000.0;International Security;OS;1987;Touring;76000;4+;DSL;92;12370;07-11-2018
466;Scratch-Resistant Finishes Company;800000.0;80000.0;Guardian Bank;BS;1984;Mountain;21000;4+;DSL;16;12370;07-11-2018
468;Topnotch Bikes;800000.0;80000.0;Primary International;BS;1978;Mountain;22000;2;T3;13;12370;07-11-2018
470;Unicycles, Bicycles, and Tricycles;800000.0;80000.0;Reserve Security;BS;1972;Touring;17000;4+;T1;10;12370;07-11-2018
472;Safe Cycles Shop;3000000.0;300000.0;International Security;OS;1998;Mountain;72000;4+;DSL;73;12370;07-11-2018
474;Number 1 Supply;3000000.0;300000.0;Primary Bank & Reserve;OS;1990;Road;75000;4+;ISDN;76;12370;07-11-2018
476;Industrial Supplies;3000000.0;300000.0;International Bank;OS;1995;Touring;73000;3;DSL;79;12370;07-11-2018
478;Golf and Cycle Store;3000000.0;300000.0;Guardian Bank;OS;1978;Mountain;75000;2;DSL;86;12370;07-11-2018
480;Front Runner Bikes;3000000.0;300000.0;International Security;OS;1983;Touring;77000;4+;DSL;87;12370;07-11-2018
482;Favorite Toy Distributor;3000000.0;300000.0;Primary Bank & Reserve;OS;1975;Touring;77000;4+;DSL;88;12370;07-11-2018
484;World Bike Discount Store;1500000.0;150000.0;Guardian Bank;BS;1979;Road;39000;4+;DSL;38;12370;07-11-2018
486;Global Sporting Goods;1500000.0;150000.0;Primary International;BS;1974;Road;36000;3;DSL;39;12370;07-11-2018
488;Historic Bicycle Sales;1500000.0;150000.0;Reserve Security;BS;1982;Mountain;38000;2;T1;40;12370;07-11-2018
490;Commuter Bicycle Store;800000.0;80000.0;Reserve Security;BM;1987;Touring;22000;4+;T1;17;12370;07-11-2018
492;Coalition Bike Company;800000.0;80000.0;United Security;BM;1997;Mountain;23000;2;DSL;18;12370;07-11-2018
494;Travel Systems;800000.0;80000.0;International Bank;BM;1975;Road;21000;4+;T2;19;12370;07-11-2018
496;Grease and Oil Products Company;1500000.0;150000.0;Primary Bank & Reserve;BS;1979;Road;36000;4+;T2;38;12370;07-11-2018
498;Moderately-Priced Bikes Store;1500000.0;150000.0;International Security;BS;1974;Mountain;39000;2;DSL;39;12370;07-11-2018
500;Toy Manufacturing Inc;1500000.0;150000.0;Guardian Bank;BS;1977;Road;40000;4+;DSL;41;12370;07-11-2018
502;Eighty Toy Stores;1500000.0;150000.0;Primary International;BS;1985;Road;37000;4+;T1;42;12370;07-11-2018
504;Economy Bikes Company;1500000.0;150000.0;Reserve Security;BS;1980;Mountain;41000;4+;DSL;43;12370;07-11-2018
506;Third Bike Store;1500000.0;150000.0;United Security;BS;1988;Road;37000;4+;T1;44;12370;07-11-2018
508;Atypical Bike Company;1000000.0;100000.0;Reserve Security;BM;2000;Road;25000;3;DSL;20;12370;07-11-2018
510;Bikes for Two;800000.0;80000.0;United Security;BM;1994;Mountain;22000;3;T1;18;12370;07-11-2018
512;Metal Processing Company;1500000.0;150000.0;International Security;BS;1986;Road;39000;4+;DSL;47;12370;07-11-2018
514;Widget Bicycle Specialists;1500000.0;150000.0;Guardian Bank;BS;1994;Road;38000;3;DSL;48;12370;07-11-2018
516;Initial Bike Company;800000.0;80000.0;International Security;BM;1996;Mountain;19000;4+;DSL;13;12370;07-11-2018
518;Latest Sports Equipment;800000.0;80000.0;Guardian Bank;BM;1991;Mountain;18000;4+;T1;14;12370;07-11-2018
520;Modern Bike Store;800000.0;80000.0;Primary International;BM;1999;Road;21000;4+;T1;15;12370;07-11-2018
522;Raw Materials Inc;3000000.0;300000.0;Primary Bank & Reserve;OS;1998;Mountain;74000;4+;ISDN;73;12370;07-11-2018
524;Lots of Bikes Storehouse;3000000.0;300000.0;International Bank;OS;1990;Mountain;73000;2;T1;76;12370;07-11-2018
526;Futuristic Bikes;3000000.0;300000.0;United Security;OS;1995;Mountain;77000;2;DSL;79;12370;07-11-2018
528;Parcel Express Delivery Service;1500000.0;150000.0;United Security;BS;1979;Road;36000;4+;DSL;38;12370;07-11-2018
530;Outdoor Distributors;1500000.0;150000.0;International Bank;BS;1974;Mountain;36000;3;DSL;39;12370;07-11-2018
532;North Bike Company;1500000.0;150000.0;Primary Bank & Reserve;BS;1982;Road;37000;4+;T1;40;12370;07-11-2018
534;Prosperous Tours;3000000.0;300000.0;Guardian Bank;OS;1999;Road;79000;4+;T1;99;12370;07-11-2018
536;Nonskid Tire Company;3000000.0;300000.0;International Security;OS;1999;Mountain;80000;3;T2;100;12370;07-11-2018
538;Amalgamated Parts Shop;3000000.0;300000.0;Primary Bank & Reserve;OS;1999;Touring;77000;4+;T3;99;12370;07-11-2018
540;Metro Bike Works;3000000.0;300000.0;International Bank;OS;1999;Mountain;77000;4+;DSL;100;12370;07-11-2018
542;Best o' Bikes;800000.0;80000.0;Primary International;BS;1972;Touring;19000;3;DSL;10;12370;07-11-2018
544;Painters Bicycle Specialists;1000000.0;100000.0;Guardian Bank;BS;1998;Road;24000;3;DSL;27;12370;07-11-2018
546;Client Discount Store;1000000.0;100000.0;Guardian Bank;BM;2000;Mountain;24000;2;DSL;20;12370;07-11-2018
548;Eastside Sporting Goods;800000.0;80000.0;Primary International;BM;2000;Road;19000;AW;T1;17;12370;07-11-2018
550;Helmets and Cycles;800000.0;80000.0;Reserve Security;BM;1994;Touring;21000;4+;ISDN;14;12370;07-11-2018
552;Requisite Part Supply;1500000.0;150000.0;Guardian Bank;BS;1988;Road;39000;3;DSL;35;12370;07-11-2018
554;Racks and Security Systems;1500000.0;150000.0;Primary International;BS;1976;Touring;39000;3;DSL;36;12370;07-11-2018
556;Mechanical Products Ltd.;1500000.0;150000.0;Reserve Security;BS;1971;Road;38000;4+;DSL;37;12370;07-11-2018
558;Commendable Bikes;1500000.0;150000.0;Guardian Bank;BS;1974;Road;37000;4+;DSL;39;12370;07-11-2018
560;Online Bike Sellers;1500000.0;150000.0;Primary International;BS;1982;Mountain;39000;2;DSL;40;12370;07-11-2018
562;Custom Accessories Company;3000000.0;300000.0;Guardian Bank;OS;1998;Road;79000;4+;DSL;98;12370;07-11-2018
564;Unusual Bicycle Company;3000000.0;300000.0;International Security;OS;1999;Touring;78000;4+;DSL;99;12370;07-11-2018
566;Courteous Bicycle Specialists;300000.0;30000.0;International Security;BM;1982;Touring;10000;2;DSL;8;12370;07-11-2018
568;Hobby Store;300000.0;30000.0;Guardian Bank;BM;1976;Mountain;6000;2;DSL;5;12370;07-11-2018
570;Professional Cycle Store;300000.0;30000.0;Primary International;BM;1970;Mountain;10000;2;T1;2;12370;07-11-2018
572;Bike Universe;1000000.0;100000.0;United Security;BS;1971;Mountain;28000;4+;T2;28;12370;07-11-2018
574;Fifth Bike Store;1000000.0;100000.0;International Bank;BS;2001;Road;26000;4+;DSL;25;12370;07-11-2018
576;Independent Outlet;1000000.0;100000.0;Primary Bank & Reserve;BS;1996;Road;25000;3;DSL;22;12370;07-11-2018
578;Rambling Tours;800000.0;80000.0;International Security;BS;1990;Touring;19000;3;T3;19;12370;07-11-2018
580;Farthest Bike Store;3000000.0;300000.0;United Security;OS;1987;Touring;74000;4+;DSL;80;12370;07-11-2018
582;Excellent Bikes;3000000.0;300000.0;Reserve Security;OS;1992;Touring;75000;2;DSL;81;12370;07-11-2018
584;Curbside Universe;3000000.0;300000.0;Primary International;OS;1984;Road;73000;4+;DSL;82;12370;07-11-2018
586;Alternative Vehicles;1500000.0;150000.0;Primary Bank & Reserve;BS;1983;Road;41000;4+;T1;45;12370;07-11-2018
588;Channel Outlet;1500000.0;150000.0;International Security;BS;1991;Touring;40000;4+;DSL;46;12370;07-11-2018
590;Full Sports Supply;1500000.0;150000.0;Guardian Bank;BS;1986;Mountain;38000;4+;DSL;47;12370;07-11-2018
592;Retail Mall;3000000.0;300000.0;Primary International;OS;1977;Road;79000;4+;ISDN;91;12370;07-11-2018
594;Racing Store;3000000.0;300000.0;Guardian Bank;OS;1987;Road;78000;4+;DSL;92;12370;07-11-2018
596;Metro Metals Co.;3000000.0;300000.0;International Security;OS;1974;Touring;77000;4+;DSL;93;12370;07-11-2018
598;Sheet Metal Manufacturing;800000.0;80000.0;International Security;BM;1997;Road;19000;3;T1;17;12370;07-11-2018
600;Thorough Parts and Repair Services;800000.0;80000.0;Guardian Bank;BM;1975;Road;22000;2;T1;18;12370;07-11-2018
602;Uttermost Bike Shop;800000.0;80000.0;Primary International;BM;2000;Road;20000;4+;DSL;19;12370;07-11-2018
604;Mechanical Sports Center;1500000.0;150000.0;International Security;BS;1995;Road;40000;3;DSL;40;12370;07-11-2018
606;Speedometer Sales;1500000.0;150000.0;Guardian Bank;BS;1995;Road;39000;3;DSL;37;12370;07-11-2018
608;Two-Wheeled Transit Company;1500000.0;150000.0;Primary International;BS;1983;Mountain;38000;4+;DSL;34;12370;07-11-2018
610;Mountain Emporium;1500000.0;150000.0;Reserve Security;BS;1998;Mountain;37000;4+;T1;31;12370;07-11-2018
612;Metro Cycle Shop;3000000.0;300000.0;Guardian Bank;OS;1989;Mountain;74000;3;T1;83;12370;07-11-2018
614;Outdoor Sporting Goods;3000000.0;300000.0;International Security;OS;1981;Touring;74000;3;ISDN;84;12370;07-11-2018
616;Tread Industries;3000000.0;300000.0;Primary Bank & Reserve;OS;1986;Mountain;77000;4+;T1;85;12370;07-11-2018
618;Petroleum Products Distributors;3000000.0;300000.0;International Bank;OS;1978;Touring;78000;4+;DSL;86;12370;07-11-2018
620;Tandem Bicycle Store;1500000.0;150000.0;International Security;OS;1986;Mountain;37000;4+;DSL;46;12370;07-11-2018
622;Bikes and Motorbikes;1500000.0;150000.0;Primary Bank & Reserve;OS;1992;Road;40000;2;DSL;49;12370;07-11-2018
624;Budget Toy Store;3000000.0;300000.0;International Bank;OS;1998;Mountain;71000;4+;DSL;52;12370;07-11-2018
626;Camping and Sports Store;3000000.0;300000.0;Reserve Security;OS;1987;Touring;77000;4+;DSL;80;12370;07-11-2018
628;Ace Bicycle Supply;3000000.0;300000.0;Primary International;OS;1992;Mountain;73000;3;T1;81;12370;07-11-2018
630;Rural Department Store;1500000.0;150000.0;United Security;BS;1990;Touring;35000;3;T1;31;12370;07-11-2018
632;Sports Commodities;1500000.0;150000.0;International Bank;BS;1984;Mountain;37000;2;T1;32;12370;07-11-2018
634;Riverside Company;1500000.0;150000.0;Primary Bank & Reserve;BS;1978;Road;38000;4+;DSL;33;12370;07-11-2018
636;Bicycle Exporters;1500000.0;150000.0;International Security;BS;1972;Touring;39000;2;T2;34;12370;07-11-2018
638;Responsible Bike Dealers;1500000.0;150000.0;International Security;BS;1989;Mountain;40000;2;T1;49;12370;07-11-2018
640;Western Bike Supplies;1500000.0;150000.0;Primary Bank & Reserve;BS;1994;Road;38000;3;T1;48;12370;07-11-2018
642;Advanced Bike Components;1500000.0;150000.0;Primary International;OS;1974;Road;38000;3;DSL;40;12370;07-11-2018
644;Aerobic Exercise Company;1500000.0;150000.0;Guardian Bank;OS;1980;Road;40000;3;DSL;43;12370;07-11-2018
646;Rural Sporting Goods;800000.0;80000.0;United Security;BM;1985;Road;20000;4+;T2;10;12370;07-11-2018
648;Corner Bicycle Supply;800000.0;80000.0;International Bank;BM;1993;Road;17000;4+;DSL;11;12370;07-11-2018
650;Distance Bikes;800000.0;80000.0;Primary Bank & Reserve;BM;1988;Road;20000;2;DSL;12;12370;07-11-2018
652;Westside Plaza;3000000.0;300000.0;United Security;OS;1989;Touring;74000;3;DSL;83;12370;07-11-2018
654;Ultimate Bike Shop;3000000.0;300000.0;Reserve Security;OS;1981;Mountain;78000;4+;DSL;84;12370;07-11-2018
656;Outstanding Cycles;3000000.0;300000.0;Primary International;OS;1986;Touring;78000;4+;ISDN;85;12370;07-11-2018
658;Vigorous Sports Store;3000000.0;300000.0;Guardian Bank;OS;1984;Road;73000;4+;DSL;82;12370;07-11-2018
660;Sports Merchandise;3000000.0;300000.0;International Security;OS;1989;Touring;73000;4+;DSL;83;12370;07-11-2018
662;Fitness Toy Store;3000000.0;300000.0;Primary Bank & Reserve;OS;1981;Road;75000;3;DSL;84;12370;07-11-2018
664;Casual Bicycle Store;800000.0;80000.0;Guardian Bank;BM;1985;Mountain;18000;2;T3;10;12370;07-11-2018
666;Fitness Discount Store;800000.0;80000.0;Primary International;BM;1993;Touring;19000;AW;DSL;11;12370;07-11-2018
668;General Cycle Storehouse;800000.0;80000.0;Reserve Security;BM;1988;Mountain;20000;4+;DSL;12;12370;07-11-2018
670;Fitness Cycling;800000.0;80000.0;International Bank;BM;1988;Mountain;18000;2;DSL;16;12370;07-11-2018
672;Good Bike Shop;800000.0;80000.0;Primary Bank & Reserve;BM;1982;Road;19000;4+;DSL;14;12370;07-11-2018
674;Imaginary Toys;800000.0;80000.0;International Security;BM;1976;Touring;20000;4+;DSL;12;12370;07-11-2018
676;Inexpensive Parts Shop;1500000.0;150000.0;Guardian Bank;BS;1972;Mountain;35000;4+;T1;34;12370;07-11-2018
678;Nuts and Bolts Mfg.;1500000.0;150000.0;Primary International;BS;1988;Mountain;37000;4+;DSL;35;12370;07-11-2018
680;Principal Bicycle Supply;1500000.0;150000.0;Reserve Security;BS;1976;Road;39000;4+;DSL;36;12370;07-11-2018
682;Thrilling Bike Tours;1500000.0;150000.0;United Security;BS;1971;Touring;37000;4+;ISDN;37;12370;07-11-2018
684;This Area Sporting Goods;1500000.0;150000.0;International Bank;BS;1979;Mountain;39000;2;DSL;38;12370;07-11-2018
686;Full-Service Bike Store;1500000.0;150000.0;Primary Bank & Reserve;BS;1974;Mountain;38000;3;DSL;39;12370;07-11-2018
688;Plastic Products Manufacturers;1500000.0;150000.0;International Security;BS;1982;Touring;37000;3;DSL;40;12370;07-11-2018
690;Kids and Adults Cycle Shop;3000000.0;300000.0;Primary Bank & Reserve;OS;1974;Mountain;75000;2;T1;93;12370;07-11-2018
692;Grand Discount Store;3000000.0;300000.0;International Bank;OS;1974;Mountain;75000;4+;DSL;94;12370;07-11-2018
694;Genuine Bike Shop;3000000.0;300000.0;United Security;OS;1980;Road;76000;4+;DSL;95;12370;07-11-2018
696;Extreme Riding Supplies;3000000.0;300000.0;Reserve Security;OS;1986;Touring;79000;3;T1;96;12370;07-11-2018
698;Bike Rims Company;3000000.0;300000.0;Primary International;OS;1992;Road;80000;4+;T2;97;12370;07-11-2018
700;Fleet Bikes;1500000.0;150000.0;Primary International;BS;1989;Mountain;40000;3;DSL;49;12370;07-11-2018
702;Local Hardware Factory;1500000.0;150000.0;Reserve Security;BS;1997;Road;41000;3;DSL;46;12370;07-11-2018
704;Only Bikes and Accessories;1500000.0;150000.0;United Security;BS;1992;Mountain;40000;4+;T1;43;12370;07-11-2018
706;Rental Gallery;1500000.0;150000.0;International Bank;BS;1995;Mountain;37000;4+;T2;40;12370;07-11-2018
708;South Bike Company;1500000.0;150000.0;Primary Bank & Reserve;BS;1995;Touring;40000;4+;DSL;37;12370;07-11-2018
710;Wonderful Bikes Inc.;1500000.0;150000.0;International Security;BS;1983;Road;37000;3;T1;34;12370;07-11-2018
712;Another Sporting Goods Company;1500000.0;150000.0;Guardian Bank;BS;1998;Road;37000;4+;T1;31;12370;07-11-2018
714;Discount Bicycle Specialists;1000000.0;100000.0;Primary International;BS;1971;Road;28000;4+;DSL;28;12370;07-11-2018
716;Famous Bike Sales and Service;1000000.0;100000.0;Reserve Security;BS;2001;Road;26000;4+;DSL;25;12370;07-11-2018
718;First Supplies;1000000.0;100000.0;United Security;BS;1996;Touring;26000;4+;T1;22;12370;07-11-2018
720;Machines & Cycles Store;800000.0;80000.0;International Bank;BS;1990;Touring;22000;2;T2;19;12370;07-11-2018
722;Pedals Warehouse;800000.0;80000.0;Primary Bank & Reserve;BS;1984;Road;20000;2;T1;16;12370;07-11-2018
724;Two Wheels Cycle Store;800000.0;80000.0;International Security;BS;1978;Road;22000;2;T1;13;12370;07-11-2018
726;Westside Cycle Store;800000.0;80000.0;Guardian Bank;BS;1972;Road;20000;4+;T1;10;12370;07-11-2018
728;Wholesale Bikes;1000000.0;100000.0;International Security;BS;1998;Road;27000;3;DSL;27;12370;07-11-2018
730;Very Best Sports Supply;1000000.0;100000.0;Guardian Bank;BS;1971;Road;28000;4+;DSL;28;12370;07-11-2018
732;Urban Sports Emporium;1000000.0;100000.0;Primary International;BS;2001;Road;24000;4+;DSL;29;12370;07-11-2018
734;Superlative Bikes;1500000.0;150000.0;Reserve Security;BS;1996;Mountain;36000;4+;T1;30;12370;07-11-2018
736;Primary Cycle Shop;1500000.0;150000.0;Reserve Security;BS;1977;Road;37000;4+;DSL;41;12370;07-11-2018
738;Sixth Bike Store;1500000.0;150000.0;United Security;BS;1985;Mountain;37000;2;T1;42;12370;07-11-2018
740;Touring Services;1500000.0;150000.0;International Bank;BS;1980;Road;38000;4+;DSL;43;12370;07-11-2018
742;Vehicle Shop;1500000.0;150000.0;Primary Bank & Reserve;BS;1988;Road;38000;2;DSL;44;12370;07-11-2018
744;First Department Stores;1500000.0;150000.0;International Security;BS;1983;Mountain;38000;3;DSL;45;12370;07-11-2018
746;Grand Sport Boutique;1500000.0;150000.0;Guardian Bank;BS;1991;Road;39000;4+;T1;46;12370;07-11-2018
748;Major Equipment Co;1500000.0;150000.0;Primary International;BS;1986;Touring;37000;2;DSL;47;12370;07-11-2018
750;Custom Sales and Service;1500000.0;150000.0;Reserve Security;BS;1994;Road;39000;4+;DSL;48;12370;07-11-2018
752;Elemental Sporting Goods;1500000.0;150000.0;United Security;BS;1989;Mountain;41000;4+;T1;49;12370;07-11-2018
754;Distinctive Store;1500000.0;150000.0;International Bank;BS;1997;Road;37000;4+;T1;46;12370;07-11-2018
756;Grand Cycle Store;1500000.0;150000.0;Primary Bank & Reserve;BS;1992;Road;41000;2;DSL;43;12370;07-11-2018
758;Nearby Bike Mall;3000000.0;300000.0;United Security;OS;1983;Road;74000;2;DSL;87;12370;07-11-2018
760;Handy Bike Services;3000000.0;300000.0;Reserve Security;OS;1975;Mountain;76000;4+;T1;88;12370;07-11-2018
762;Friendly Bike Shop;3000000.0;300000.0;Primary International;OS;1980;Road;75000;2;DSL;89;12370;07-11-2018
764;Fashionable Bikes and Accessories;3000000.0;300000.0;Guardian Bank;OS;1972;Mountain;76000;3;T1;90;12370;07-11-2018
766;Extreme Toy Store;3000000.0;300000.0;International Security;OS;1977;Mountain;75000;2;DSL;91;12370;07-11-2018
768;Citywide Service and Repair;3000000.0;300000.0;Primary Bank & Reserve;OS;1987;Road;79000;3;DSL;92;12370;07-11-2018
770;Best Cycle Store;3000000.0;300000.0;International Bank;OS;1974;Touring;78000;4+;T1;93;12370;07-11-2018
772;Professional Sporting Goods;3000000.0;300000.0;United Security;OS;1974;Touring;78000;2;DSL;94;12370;07-11-2018
774;Rugged Bikes;3000000.0;300000.0;Reserve Security;OS;1980;Touring;77000;2;DSL;95;12370;07-11-2018
776;Principal Bike Company;3000000.0;300000.0;Primary International;OS;1986;Road;79000;3;DSL;96;12370;07-11-2018
778;One-Piece Handle Bars;3000000.0;300000.0;Guardian Bank;OS;1992;Mountain;80000;3;T1;97;12370;07-11-2018
780;Finer Riding Supplies;3000000.0;300000.0;International Security;OS;1998;Road;78000;4+;DSL;98;12370;07-11-2018
782;Neighborhood Store;3000000.0;300000.0;Primary International;OS;1983;Road;77000;2;DSL;87;12370;07-11-2018
784;Online Bike Catalog;3000000.0;300000.0;Guardian Bank;OS;1975;Touring;74000;3;T2;88;12370;07-11-2018
786;Outdoor Equipment Store;3000000.0;300000.0;International Security;OS;1980;Road;76000;4+;T2;89;12370;07-11-2018
788;Paint Supply;3000000.0;300000.0;Primary Bank & Reserve;OS;1972;Mountain;78000;4+;T1;90;12370;07-11-2018
790;Preferred Bikes;3000000.0;300000.0;International Bank;OS;1977;Road;77000;4+;ISDN;91;12370;07-11-2018
792;Rally Day Mall;3000000.0;300000.0;United Security;OS;1987;Road;75000;3;DSL;92;12370;07-11-2018
794;Rewarding Activities Company;3000000.0;300000.0;Reserve Security;OS;1974;Road;76000;4+;T1;93;12370;07-11-2018
796;Rich Department Store;3000000.0;300000.0;Primary International;OS;1974;Touring;76000;2;DSL;94;12370;07-11-2018
798;Sales and Supply Company;3000000.0;300000.0;Guardian Bank;OS;1980;Road;75000;2;T2;95;12370;07-11-2018
800;Stationary Bikes and Stands;3000000.0;300000.0;International Security;OS;1986;Road;76000;4+;DSL;96;12370;07-11-2018
802;Successful Sales Company;1500000.0;150000.0;Guardian Bank;BS;1997;Road;38000;3;T1;46;12370;07-11-2018
804;Downtown Hotel;3000000.0;300000.0;International Bank;OS;1986;Mountain;74000;4+;DSL;85;12370;07-11-2018
806;Certified Sports Supply;3000000.0;300000.0;United Security;OS;1978;Mountain;78000;4+;DSL;86;12370;07-11-2018
808;Registered Cycle Store;3000000.0;300000.0;Reserve Security;OS;1983;Mountain;77000;3;T1;87;12370;07-11-2018
810;Rampart Amusement Company;3000000.0;300000.0;Primary International;OS;1975;Touring;75000;3;ISDN;88;12370;07-11-2018
812;Sundry Sporting Goods;300000.0;30000.0;Primary Bank & Reserve;BM;1984;Road;7000;4+;T2;5;12370;07-11-2018
814;Excellent Riding Supplies;300000.0;30000.0;International Security;BM;1979;Road;9000;3;ISDN;6;12370;07-11-2018
816;Farthermost Bike Shop;300000.0;30000.0;Guardian Bank;BM;1987;Road;8000;3;T1;7;12370;07-11-2018
818;Suburban Cycle Shop;300000.0;30000.0;Primary International;BM;1982;Mountain;10000;3;DSL;8;12370;07-11-2018
820;Weekend Tours;300000.0;30000.0;Reserve Security;BM;1990;Road;9000;AW;DSL;9;12370;07-11-2018
822;Racing Bike Outlet;3000000.0;300000.0;United Security;OS;1998;Road;72000;2;DSL;52;12370;07-11-2018
824;Utilitarian Sporting Goods;3000000.0;300000.0;Reserve Security;OS;1999;Touring;72000;3;DSL;55;12370;07-11-2018
826;Bike Goods ;3000000.0;300000.0;Primary International;OS;1999;Road;73000;4+;T2;58;12370;07-11-2018
828;Vigorous Exercise Company;3000000.0;300000.0;Guardian Bank;OS;1979;Mountain;72000;2;T1;61;12370;07-11-2018
830;Showcase for Cycles;3000000.0;300000.0;International Security;OS;1996;Road;71000;2;T1;64;12370;07-11-2018
832;Lease-a-Bike Shop;3000000.0;300000.0;Primary Bank & Reserve;OS;1991;Road;71000;3;ISDN;67;12370;07-11-2018
834;Functional Store South;3000000.0;300000.0;International Bank;OS;1993;Mountain;71000;2;DSL;70;12370;07-11-2018
836;Active Cycling;3000000.0;300000.0;United Security;OS;1998;Road;73000;4+;DSL;73;12370;07-11-2018
838;Stock Parts and Supplies;3000000.0;300000.0;Reserve Security;OS;1990;Touring;76000;2;DSL;76;12370;07-11-2018
840;Roadway Supplies;3000000.0;300000.0;Primary International;OS;1995;Road;73000;4+;DSL;79;12370;07-11-2018
842;Sensational Discount Store;3000000.0;300000.0;Guardian Bank;OS;1987;Road;73000;2;T1;80;12370;07-11-2018
844;Future Bikes;3000000.0;300000.0;Guardian Bank;OS;1992;Road;74000;3;DSL;81;12370;07-11-2018
846;Super Sports Store;3000000.0;300000.0;Primary Bank & Reserve;OS;1999;Road;78000;2;DSL;100;12370;07-11-2018
848;Satin Finish Company;3000000.0;300000.0;International Bank;OS;1979;Mountain;74000;2;T1;66;12370;07-11-2018
850;Regional Manufacturing;1500000.0;150000.0;Primary Bank & Reserve;OS;1974;Mountain;38000;4+;DSL;40;12370;07-11-2018
852;Original Bicycle Supply Company;1500000.0;150000.0;International Bank;OS;1980;Mountain;38000;4+;T1;43;12370;07-11-2018
854;First Center;1500000.0;150000.0;United Security;OS;1986;Mountain;39000;2;T2;46;12370;07-11-2018
856;Action Bicycle Specialists;1500000.0;150000.0;Reserve Security;OS;1992;Touring;40000;2;DSL;49;12370;07-11-2018
858;Roadway Bike Emporium;3000000.0;300000.0;Primary International;OS;1998;Touring;68000;3;T1;52;12370;07-11-2018
860;Sleek Bikes ;3000000.0;300000.0;Guardian Bank;OS;1999;Touring;70000;3;DSL;55;12370;07-11-2018
862;Retail Sporting Equipment;3000000.0;300000.0;International Security;OS;1999;Mountain;72000;4+;T1;58;12370;07-11-2018
864;Price-Cutter Discount Bikes;3000000.0;300000.0;Primary Bank & Reserve;OS;1979;Road;70000;4+;DSL;61;12370;07-11-2018
866;Brand New Bikes;3000000.0;300000.0;International Bank;OS;1996;Road;73000;4+;ISDN;64;12370;07-11-2018
868;Central Bicycle Specialists;3000000.0;300000.0;United Security;OS;1991;Touring;71000;2;DSL;67;12370;07-11-2018
870;Vast Bike Sales and Rental;3000000.0;300000.0;Reserve Security;OS;1993;Mountain;73000;4+;ISDN;70;12370;07-11-2018
872;Summer Sports Place;3000000.0;300000.0;Primary International;OS;1998;Mountain;73000;3;T2;73;12370;07-11-2018
874;Real Sporting Goods;3000000.0;300000.0;Guardian Bank;OS;1990;Mountain;72000;3;DSL;76;12370;07-11-2018
876;Versatile Sporting Goods Company;3000000.0;300000.0;Primary Bank & Reserve;OS;1996;Road;74000;2;DSL;64;12370;07-11-2018
878;Bicycle Outfitters;3000000.0;300000.0;International Bank;OS;1991;Road;72000;3;DSL;67;12370;07-11-2018
880;The Bike Shop;3000000.0;300000.0;United Security;OS;1993;Mountain;73000;3;T1;70;12370;07-11-2018
882;Safe Toys;3000000.0;300000.0;Reserve Security;OS;1998;Mountain;74000;2;T1;73;12370;07-11-2018
884;Qualified Sales and Repair Services;3000000.0;300000.0;Primary International;OS;1990;Road;75000;4+;DSL;76;12370;07-11-2018
886;Our Sporting Goods Store;3000000.0;300000.0;Guardian Bank;OS;1995;Road;76000;4+;DSL;79;12370;07-11-2018
888;Lustrous Paints and Components;3000000.0;300000.0;International Security;OS;1987;Road;77000;4+;T1;80;12370;07-11-2018
890;Expert Sports Store;3000000.0;300000.0;Primary Bank & Reserve;OS;1992;Mountain;77000;3;T1;81;12370;07-11-2018
892;Coho Sports;3000000.0;300000.0;International Bank;OS;1984;Mountain;75000;3;T2;82;12370;07-11-2018
894;Jumbo Bikes;1500000.0;150000.0;United Security;BS;1977;Touring;39000;2;DSL;41;12370;07-11-2018
896;Quick Delivery Service;1500000.0;150000.0;International Bank;BS;1985;Mountain;37000;4+;T3;42;12370;07-11-2018
898;Tough and Reliable Parts;1500000.0;150000.0;Primary Bank & Reserve;BS;1980;Road;40000;3;DSL;43;12370;07-11-2018
900;Basic Sports Equipment;1500000.0;150000.0;International Security;BS;1988;Mountain;38000;3;DSL;44;12370;07-11-2018
902;Cash & Carry Bikes;1500000.0;150000.0;Guardian Bank;BS;1983;Mountain;39000;2;DSL;45;12370;07-11-2018
904;Convenient Bike Shop;1500000.0;150000.0;Primary International;BS;1991;Road;38000;3;T2;46;12370;07-11-2018
906;Fitness Bike Accessories;1500000.0;150000.0;Reserve Security;BS;1986;Touring;39000;3;T1;47;12370;07-11-2018
908;General Bike Corporation;1500000.0;150000.0;United Security;BS;1994;Road;38000;4+;DSL;48;12370;07-11-2018
910;Quitting Business Distributors;1500000.0;150000.0;International Bank;BS;1989;Touring;40000;2;ISDN;49;12370;07-11-2018
912;Retail Cycle Shop;1500000.0;150000.0;Primary Bank & Reserve;BS;1997;Mountain;38000;3;T1;46;12370;07-11-2018
914;Social Activities Club;1500000.0;150000.0;International Security;BS;1992;Road;39000;4+;T2;43;12370;07-11-2018
916;Blue Bicycle Company;1500000.0;150000.0;Guardian Bank;BS;1995;Road;36000;4+;DSL;40;12370;07-11-2018
918;Expert Cycle Store;1500000.0;150000.0;Primary International;BS;1995;Touring;38000;4+;DSL;37;12370;07-11-2018
920;General Riding Supplies;1500000.0;150000.0;Reserve Security;BS;1983;Mountain;36000;3;DSL;34;12370;07-11-2018
922;Parts Shop;1500000.0;150000.0;United Security;BS;1998;Road;38000;3;T3;31;12370;07-11-2018
924;Riding Excursions;1000000.0;100000.0;International Bank;BS;1971;Road;27000;4+;T1;28;12370;07-11-2018
926;Unique Bikes;1000000.0;100000.0;Primary Bank & Reserve;BS;2001;Mountain;27000;3;DSL;25;12370;07-11-2018
928;Rural Cycle Emporium;800000.0;80000.0;Primary International;BM;1988;Mountain;21000;4+;DSL;11;12370;07-11-2018
930;Associated Bikes;300000.0;30000.0;Reserve Security;BM;1982;Mountain;7000;3;DSL;8;12370;07-11-2018
932;Modular Cycle Systems;300000.0;30000.0;United Security;BM;1976;Road;6000;2;DSL;5;12370;07-11-2018
934;A Bike Store;300000.0;30000.0;International Bank;BM;1970;Road;7000;AW;T1;2;12370;07-11-2018
936;Journey Sporting Goods;800000.0;80000.0;Primary Bank & Reserve;BM;1996;Mountain;21000;3;DSL;13;12370;07-11-2018
938;Two Bike Shops;800000.0;80000.0;International Security;BM;1991;Road;20000;3;T1;14;12370;07-11-2018
940;Cycles Wholesaler & Mfg.;800000.0;80000.0;Guardian Bank;BM;1999;Touring;21000;4+;T2;15;12370;07-11-2018
942;Wheels Inc.;800000.0;80000.0;Primary International;BM;1994;Road;19000;4+;T1;16;12370;07-11-2018
944;Number One Bike Co.;1500000.0;150000.0;Guardian Bank;BS;1982;Road;40000;4+;T1;40;12370;07-11-2018
946;Racing Supply Distributors;1500000.0;150000.0;Primary International;BS;1977;Touring;38000;3;DSL;41;12370;07-11-2018
948;Standard Bikes;1500000.0;150000.0;Reserve Security;BS;1985;Mountain;38000;4+;DSL;42;12370;07-11-2018
950;The Bicycle Accessories Company;1500000.0;150000.0;United Security;BS;1980;Road;37000;4+;T1;43;12370;07-11-2018
952;Active Systems;1500000.0;150000.0;International Bank;BS;1988;Road;39000;4+;T1;44;12370;07-11-2018
954;Futuristic Sport Distributors;3000000.0;300000.0;Primary Bank & Reserve;OS;1974;Road;78000;3;DSL;94;12370;07-11-2018
956;Finer Sales and Service;3000000.0;300000.0;International Bank;OS;1980;Road;77000;4+;T2;95;12370;07-11-2018
958;Big-Time Bike Store;3000000.0;300000.0;United Security;OS;1986;Road;80000;4+;DSL;96;12370;07-11-2018
960;The Showroom;3000000.0;300000.0;Reserve Security;OS;1992;Road;79000;4+;DSL;97;12370;07-11-2018
962;Spa and Exercise Outfitters;3000000.0;300000.0;Primary International;OS;1998;Mountain;79000;4+;T1;98;12370;07-11-2018
964;Year-Round Sports;3000000.0;300000.0;United Security;OS;1979;Mountain;75000;4+;DSL;66;12370;07-11-2018
966;The New Bike Store;1500000.0;150000.0;International Bank;OS;1974;Road;37000;4+;DSL;40;12370;07-11-2018
968;Resident Cycle Shop;1500000.0;150000.0;United Security;OS;1980;Mountain;38000;4+;DSL;43;12370;07-11-2018
970;Primary Bike Distributors;1500000.0;150000.0;Reserve Security;OS;1986;Road;39000;4+;T1;46;12370;07-11-2018
972;Major Bicycle Store;1500000.0;150000.0;Primary International;OS;1992;Touring;41000;4+;T1;49;12370;07-11-2018
974;Leather and Vinyl Manufacturing;3000000.0;300000.0;Guardian Bank;OS;1998;Road;68000;2;DSL;52;12370;07-11-2018
976;Genial Bike Associates;3000000.0;300000.0;International Security;OS;1999;Mountain;70000;4+;T1;55;12370;07-11-2018
978;Commercial Sporting Goods;3000000.0;300000.0;Reserve Security;OS;1979;Mountain;74000;3;DSL;61;12370;07-11-2018
980;Wholesale Parts;3000000.0;300000.0;Primary International;OS;1996;Road;70000;4+;DSL;64;12370;07-11-2018
982;Steel Inc.;3000000.0;300000.0;Guardian Bank;OS;1991;Road;74000;4+;T1;67;12370;07-11-2018
984;Riding Cycles;3000000.0;300000.0;International Security;OS;1993;Road;74000;3;ISDN;70;12370;07-11-2018
986;Metro Manufacturing;1500000.0;150000.0;International Security;BS;1977;Mountain;36000;4+;DSL;41;12370;07-11-2018
988;Manufacturers Inc;1500000.0;150000.0;Guardian Bank;BS;1985;Road;39000;3;DSL;42;12370;07-11-2018
990;Locks Company;1500000.0;150000.0;Primary International;BS;1980;Touring;40000;4+;DSL;43;12370;07-11-2018
992;Latest Accessories Sales;1500000.0;150000.0;Reserve Security;BS;1988;Road;38000;4+;T1;44;12370;07-11-2018
994;Incomparable Bicycle Store;1500000.0;150000.0;United Security;BS;1983;Touring;41000;2;DSL;45;12370;07-11-2018
996;Hometown Riding Supplies;1500000.0;150000.0;International Bank;BS;1991;Mountain;38000;4+;T1;46;12370;07-11-2018
998;Greater Bike Store;1500000.0;150000.0;Primary Bank & Reserve;BS;1986;Mountain;39000;3;ISDN;47;12370;07-11-2018
1000;Games and Sport Supply Company;1500000.0;150000.0;International Security;BS;1994;Touring;42000;4+;DSL;48;12370;07-11-2018
1002;Distant Inn;1500000.0;150000.0;Guardian Bank;BS;1989;Road;38000;4+;DSL;49;12370;07-11-2018
1004;Finer Mart;1500000.0;150000.0;Primary International;BS;1997;Touring;38000;3;DSL;46;12370;07-11-2018
1006;Economic Parts Supply;1500000.0;150000.0;Reserve Security;BS;1992;Road;40000;4+;T1;43;12370;07-11-2018
1008;Precision Gears Inc.;1500000.0;150000.0;United Security;BS;1995;Road;38000;3;DSL;40;12370;07-11-2018
1010;Cross-Country Riding Supplies;1500000.0;150000.0;International Bank;BS;1995;Mountain;36000;3;T2;37;12370;07-11-2018
1012;Stylish Department Stores;1500000.0;150000.0;Primary Bank & Reserve;BS;1983;Road;39000;3;T1;34;12370;07-11-2018
1014;Bike World;1500000.0;150000.0;International Security;BS;1998;Mountain;35000;4+;T1;31;12370;07-11-2018
1016;Central Discount Store;1000000.0;100000.0;Guardian Bank;BS;1971;Mountain;25000;4+;T1;28;12370;07-11-2018
1018;Trusted Catalog Store;1000000.0;100000.0;Primary International;BS;2001;Mountain;25000;4+;T1;25;12370;07-11-2018
1020;Bicycle Warehouse Inc.;1000000.0;100000.0;Reserve Security;BS;1996;Mountain;26000;4+;ISDN;22;12370;07-11-2018
1022;Sharp Bikes;800000.0;80000.0;United Security;BS;1990;Mountain;19000;AW;DSL;19;12370;07-11-2018
1024;Exemplary Cycles;800000.0;80000.0;International Bank;BS;1984;Touring;20000;AW;ISDN;16;12370;07-11-2018
1026;Metropolitan Sports Supply;800000.0;80000.0;Primary Bank & Reserve;BS;1978;Road;21000;4+;T2;13;12370;07-11-2018
1028;Progressive Sports;800000.0;80000.0;International Security;BS;1972;Mountain;18000;3;T1;10;12370;07-11-2018
1030;Underglaze and Finish Company;800000.0;80000.0;Reserve Security;BM;1993;Road;18000;AW;T1;11;12370;07-11-2018
1032;Brakes and Gears;800000.0;80000.0;United Security;BM;1988;Mountain;18000;AW;DSL;12;12370;07-11-2018
1034;The Accessories Store;800000.0;80000.0;International Bank;BM;1996;Road;18000;2;DSL;13;12370;07-11-2018
1036;Mountain Bike Store;800000.0;80000.0;Primary Bank & Reserve;BM;1991;Touring;22000;4+;DSL;14;12370;07-11-2018
1038;Bike Part Wholesalers;800000.0;80000.0;International Security;BM;1999;Touring;21000;3;T2;15;12370;07-11-2018
1040;Family Cycle Store;800000.0;80000.0;Guardian Bank;BM;1994;Mountain;18000;4+;DSL;16;12370;07-11-2018
1042;Popular Bike Lines;800000.0;80000.0;Primary International;BM;1987;Touring;20000;4+;T1;17;12370;07-11-2018
1044;Superb Sales and Repair;800000.0;80000.0;Reserve Security;BM;1997;Road;19000;3;DSL;18;12370;07-11-2018
1046;Better Bike Shop;800000.0;80000.0;United Security;BM;1975;Mountain;19000;4+;DSL;19;12370;07-11-2018
1048;Countryside Company;1000000.0;100000.0;International Bank;BM;2000;Mountain;26000;2;ISDN;20;12370;07-11-2018
1050;First Bike Store;800000.0;80000.0;Primary Bank & Reserve;BM;2000;Road;21000;3;DSL;17;12370;07-11-2018
1052;Traditional Department Stores;800000.0;80000.0;International Security;BM;1994;Mountain;18000;2;T1;14;12370;07-11-2018
1054;Eastside Cycle Shop;800000.0;80000.0;Guardian Bank;BM;1988;Touring;21000;2;T1;11;12370;07-11-2018
1056;General Department Stores;300000.0;30000.0;Primary International;BM;1982;Mountain;11000;3;DSL;8;12370;07-11-2018
1058;Mass Market Bikes;300000.0;30000.0;Reserve Security;BM;1976;Touring;7000;AW;DSL;5;12370;07-11-2018
1060;Operational Manufacturing;300000.0;30000.0;United Security;BM;1970;Mountain;8000;3;DSL;2;12370;07-11-2018
1062;Online Bike Warehouse;800000.0;80000.0;Primary International;BM;1997;Road;21000;4+;ISDN;17;12370;07-11-2018
1064;Retread Tire Company;800000.0;80000.0;Reserve Security;BM;1975;Road;20000;2;T1;18;12370;07-11-2018
1066;Small Bike Shop;800000.0;80000.0;United Security;BM;2000;Mountain;23000;4+;T1;19;12370;07-11-2018
1068;Superior Hardware Distributors;1000000.0;100000.0;International Bank;BM;2000;Mountain;25000;2;T1;20;12370;07-11-2018
1070;Fitness Sport Boutique;800000.0;80000.0;Primary Bank & Reserve;BM;1994;Mountain;23000;2;DSL;18;12370;07-11-2018
1072;Producer Goods Clearinghouse;800000.0;80000.0;International Security;BM;1988;Road;22000;4+;T1;16;12370;07-11-2018
1074;Recreation Systems;800000.0;80000.0;Guardian Bank;BM;1982;Road;20000;4+;DSL;14;12370;07-11-2018
1076;Rustic Bike Store;800000.0;80000.0;Primary International;BM;1976;Touring;19000;4+;DSL;12;12370;07-11-2018
1078;Eastside Parts Shop;800000.0;80000.0;Reserve Security;BM;1970;Touring;17000;AW;DSL;10;12370;07-11-2018
1080;Exchange Parts Inc.;300000.0;30000.0;United Security;BM;1975;Touring;9000;4+;T2;8;12370;07-11-2018
1082;First Cycle Store;300000.0;30000.0;International Bank;BM;1970;Road;9000;AW;T2;6;12370;07-11-2018
1084;Running and Cycling Gear;300000.0;30000.0;Primary Bank & Reserve;BM;1978;Touring;7000;3;T2;4;12370;07-11-2018
1086;Seventh Bike Store;300000.0;30000.0;International Security;BM;1973;Road;10000;AW;DSL;2;12370;07-11-2018
1088;Fast Services;300000.0;30000.0;Guardian Bank;BM;1981;Road;9000;3;DSL;3;12370;07-11-2018
1090;General Associates;300000.0;30000.0;Primary International;BM;1976;Road;9000;2;T1;4;12370;07-11-2018
1092;Good Toys;300000.0;30000.0;Reserve Security;BM;1984;Road;9000;3;T1;5;12370;07-11-2018
1094;Little Bicycle Supply Shop;300000.0;30000.0;United Security;BM;1979;Road;11000;4+;DSL;6;12370;07-11-2018
1096;Retail Toy Store;300000.0;30000.0;International Bank;BM;1987;Road;8000;4+;T1;7;12370;07-11-2018
1098;Strenuous Exercise Shop;300000.0;30000.0;Primary Bank & Reserve;BM;1982;Mountain;7000;4+;T2;8;12370;07-11-2018
1100;All Seasons Sports Supply;300000.0;30000.0;International Security;BM;1990;Touring;10000;AW;DSL;9;12370;07-11-2018
1102;Leisure Clearing House;800000.0;80000.0;Guardian Bank;BM;1970;Road;20000;2;DSL;10;12370;07-11-2018
1104;Outdoor Toy Store;300000.0;30000.0;Primary International;BM;1975;Mountain;8000;3;ISDN;8;12370;07-11-2018
1106;The Commissary;300000.0;30000.0;Reserve Security;BM;1970;Road;9000;3;DSL;6;12370;07-11-2018
1108;Affordable Sports Equipment;300000.0;30000.0;United Security;BM;1978;Road;8000;AW;DSL;4;12370;07-11-2018
1110;Local Sales and Rental;300000.0;30000.0;International Bank;BM;1973;Touring;10000;2;DSL;2;12370;07-11-2018
1112;Economy Center;1500000.0;150000.0;International Bank;BS;1998;Mountain;35000;4+;T2;31;12370;07-11-2018
1114;Community Department Stores;1500000.0;150000.0;United Security;BS;1983;Mountain;36000;3;T2;34;12370;07-11-2018
1116;Area Sheet Metal Supply;1500000.0;150000.0;Reserve Security;BS;1995;Road;36000;4+;T2;37;12370;07-11-2018
1118;Synthetic Materials Manufacturing;1500000.0;150000.0;Primary International;BS;1995;Road;39000;2;DSL;40;12370;07-11-2018
1120;Rural Sales and Service;1500000.0;150000.0;Guardian Bank;BS;1992;Road;37000;3;DSL;43;12370;07-11-2018
1122;Tubeless Tire Company;3000000.0;300000.0;International Bank;OS;1980;Touring;75000;4+;DSL;89;12370;07-11-2018
1124;Tires and Tubes;3000000.0;300000.0;United Security;OS;1972;Mountain;79000;4+;T2;90;12370;07-11-2018
1126;Hardware Components;3000000.0;300000.0;Reserve Security;OS;1977;Mountain;75000;2;T1;91;12370;07-11-2018
1128;Retail Sporting Goods;3000000.0;300000.0;Primary International;OS;1987;Road;78000;4+;DSL;92;12370;07-11-2018
1130;Efficient Cycling;3000000.0;300000.0;Guardian Bank;OS;1974;Touring;77000;3;DSL;93;12370;07-11-2018
1132;General Industries;1500000.0;150000.0;Primary International;BS;1994;Road;42000;4+;T1;48;12370;07-11-2018
1134;Highway Bike Shop;1500000.0;150000.0;Reserve Security;BS;1989;Road;40000;2;DSL;49;12370;07-11-2018
1136;Rental Bikes;1500000.0;150000.0;United Security;BS;1997;Road;40000;4+;T1;46;12370;07-11-2018
1138;Roving Sports;1500000.0;150000.0;International Bank;BS;1992;Road;41000;3;ISDN;43;12370;07-11-2018
1140;Express Bike Services;1500000.0;150000.0;Primary Bank & Reserve;BS;1995;Mountain;38000;4+;DSL;40;12370;07-11-2018
1142;Major Amusement Company;1500000.0;150000.0;International Security;BS;1995;Mountain;36000;4+;DSL;37;12370;07-11-2018
1144;Retail Discount Store;1500000.0;150000.0;Guardian Bank;BS;1983;Road;37000;3;T1;34;12370;07-11-2018
1146;Vale Riding Supplies;1500000.0;150000.0;Primary International;BS;1998;Touring;37000;4+;T2;31;12370;07-11-2018
1148;A Great Bicycle Company;1000000.0;100000.0;Reserve Security;BS;1971;Road;28000;3;T2;28;12370;07-11-2018
1150;Certified Bicycle Supply;1000000.0;100000.0;United Security;BS;2001;Road;24000;2;ISDN;25;12370;07-11-2018
1152;Exceptional Cycle Services;1000000.0;100000.0;International Bank;BS;1996;Touring;27000;4+;DSL;22;12370;07-11-2018
1154;Instant Cycle Store;800000.0;80000.0;Primary Bank & Reserve;BS;1990;Road;23000;4+;T1;19;12370;07-11-2018
1156;Leisure Activities;800000.0;80000.0;International Security;BS;1984;Mountain;22000;4+;DSL;16;12370;07-11-2018
1158;Paints and Solvents Company;800000.0;80000.0;Guardian Bank;BS;1978;Touring;18000;3;T1;13;12370;07-11-2018
1160;West Wind Distributors;1000000.0;100000.0;International Bank;BS;2001;Touring;27000;3;T1;29;12370;07-11-2018
1162;Bikes for Kids and Adults;1500000.0;150000.0;Primary Bank & Reserve;BS;1996;Mountain;36000;4+;DSL;30;12370;07-11-2018
1164;Consolidated Sales;1500000.0;150000.0;International Security;BS;1990;Mountain;38000;3;DSL;31;12370;07-11-2018
1166;Home Town Bike Store;800000.0;80000.0;United Security;BM;1988;Touring;20000;3;T2;11;12370;07-11-2018
1168;Optimal Bikes;300000.0;30000.0;International Bank;BM;1982;Road;10000;2;T1;8;12370;07-11-2018
1170;Sample Bike Store;300000.0;30000.0;Primary Bank & Reserve;BM;1976;Road;7000;AW;DSL;5;12370;07-11-2018
1172;Extras Sporting Goods;300000.0;30000.0;International Security;BM;1970;Road;7000;3;DSL;2;12370;07-11-2018
1174;Sure & Reliable Sporting Goods;800000.0;80000.0;International Bank;BM;1997;Road;22000;4+;DSL;17;12370;07-11-2018
1176;Eleventh Bike Store;800000.0;80000.0;Primary Bank & Reserve;BM;1975;Road;22000;4+;DSL;18;12370;07-11-2018
1178;Enterprise Center;800000.0;80000.0;International Security;BM;2000;Touring;23000;4+;T1;19;12370;07-11-2018
1180;Purple Bicycle Company;1000000.0;100000.0;Guardian Bank;BM;2000;Road;27000;2;DSL;20;12370;07-11-2018
1182;New and Used Bicycles;800000.0;80000.0;Primary International;BM;1994;Road;20000;AW;DSL;18;12370;07-11-2018
1184;Separate Parts Corporation;800000.0;80000.0;Reserve Security;BM;1988;Road;21000;3;DSL;16;12370;07-11-2018
1186;Basic Bike Company;800000.0;80000.0;United Security;BM;1982;Road;20000;2;DSL;14;12370;07-11-2018
1188;Fabrikam Inc., West;800000.0;80000.0;International Bank;BM;1976;Mountain;18000;4+;DSL;12;12370;07-11-2018
1190;Mechanical Brake Manufacturers;800000.0;80000.0;Primary Bank & Reserve;BM;1970;Touring;21000;3;T1;10;12370;07-11-2018
1192;Non-Slip Pedal Company;300000.0;30000.0;International Security;BM;1975;Road;11000;AW;DSL;8;12370;07-11-2018
1194;Variety Bike Outlet;300000.0;30000.0;Guardian Bank;BM;1970;Mountain;9000;AW;DSL;6;12370;07-11-2018
1196;Weekend Bike Tours;300000.0;30000.0;Primary International;BM;1978;Road;7000;AW;DSL;4;12370;07-11-2018
1198;Fabrikam Inc., East;800000.0;80000.0;Guardian Bank;BM;1993;Road;20000;AW;DSL;11;12370;07-11-2018
1200;General Supplies;800000.0;80000.0;Primary International;BM;1988;Road;21000;3;T2;12;12370;07-11-2018
1202;Noiseless Gear Company;800000.0;80000.0;Reserve Security;BM;1996;Mountain;20000;4+;DSL;13;12370;07-11-2018
1204;Racing Toys;800000.0;80000.0;United Security;BM;1991;Road;18000;2;DSL;14;12370;07-11-2018
1206;Capable Sales and Service;300000.0;30000.0;Primary Bank & Reserve;BM;1981;Mountain;10000;4+;DSL;3;12370;07-11-2018
1208;Little Sports Center;300000.0;30000.0;International Security;BM;1976;Touring;10000;4+;DSL;4;12370;07-11-2018
1210;Pretty Bikes and Toys;300000.0;30000.0;Guardian Bank;BM;1984;Road;6000;3;T2;5;12370;07-11-2018
1212;Road Way Sales and Rental;300000.0;30000.0;Primary International;BM;1979;Mountain;10000;3;T1;6;12370;07-11-2018
1214;Sturdy Toys;300000.0;30000.0;Reserve Security;BM;1987;Mountain;9000;2;DSL;7;12370;07-11-2018
1216;Beneficial Exercises and Activities;300000.0;30000.0;United Security;BM;1982;Road;9000;2;T1;8;12370;07-11-2018
1218;Fad Outlet;300000.0;30000.0;International Bank;BM;1990;Road;8000;AW;DSL;9;12370;07-11-2018
1220;Commerce Bicycle Specialists;800000.0;80000.0;Primary Bank & Reserve;BM;1985;Mountain;19000;4+;ISDN;10;12370;07-11-2018
1222;Township Inn;800000.0;80000.0;International Security;BM;1993;Road;18000;4+;ISDN;11;12370;07-11-2018
1224;Acceptable Sales & Service;800000.0;80000.0;Guardian Bank;BM;1988;Road;21000;AW;DSL;12;12370;07-11-2018
1226;Brown Bicycle Company;800000.0;80000.0;Primary International;BM;1996;Road;19000;2;DSL;13;12370;07-11-2018
1228;District Mall;800000.0;80000.0;Reserve Security;BM;1991;Road;19000;4+;T1;14;12370;07-11-2018
1230;Fitness Supplies;800000.0;80000.0;United Security;BM;1999;Touring;19000;4+;T2;15;12370;07-11-2018
1232;Mail Market;800000.0;80000.0;International Bank;BM;1994;Touring;19000;AW;DSL;16;12370;07-11-2018
1234;Spare Parts Co.;800000.0;80000.0;Primary Bank & Reserve;BM;1987;Mountain;19000;4+;DSL;17;12370;07-11-2018
1236;Twelfth Bike Store;800000.0;80000.0;International Security;BM;1997;Mountain;21000;4+;T1;18;12370;07-11-2018
1238;Consolidated Messenger;300000.0;30000.0;Guardian Bank;BM;1982;Road;7000;3;DSL;8;12370;07-11-2018
1240;Daring Rides;300000.0;30000.0;Primary International;BM;1976;Road;10000;4+;T2;5;12370;07-11-2018
1242;Field Trip Store;300000.0;30000.0;Reserve Security;BM;1970;Mountain;8000;3;T2;2;12370;07-11-2018
1244;Finish and Sealant Products;800000.0;80000.0;Guardian Bank;BM;1997;Road;22000;AW;DSL;17;12370;07-11-2018
1246;Finer Parts Shop;800000.0;80000.0;Primary International;BM;1975;Mountain;19000;2;DSL;18;12370;07-11-2018
1248;Glossy Bikes;800000.0;80000.0;Reserve Security;BM;2000;Touring;22000;2;DSL;19;12370;07-11-2018
1250;Next Door Cycles;1000000.0;100000.0;United Security;BM;2000;Touring;27000;3;T2;20;12370;07-11-2018
1252;Up-To-Date Sports;1000000.0;100000.0;International Security;BM;2000;Mountain;26000;4+;DSL;20;12370;07-11-2018
1254;Mountain Bike Center;800000.0;80000.0;Guardian Bank;BM;1994;Road;20000;4+;DSL;18;12370;07-11-2018
1256;Specialty Sports Store;800000.0;80000.0;Primary International;BM;1988;Mountain;20000;AW;T2;16;12370;07-11-2018
1258;Scooters and Bikes Store;800000.0;80000.0;Reserve Security;BM;1982;Road;21000;2;DSL;14;12370;07-11-2018
1260;Closest Bicycle Store;800000.0;80000.0;United Security;BM;1976;Mountain;22000;3;T1;12;12370;07-11-2018
1262;Roadway Bicycle Supply;800000.0;80000.0;International Bank;BM;1970;Touring;19000;4+;DSL;10;12370;07-11-2018
1264;Refined Department Stores;300000.0;30000.0;Primary Bank & Reserve;BM;1975;Road;7000;3;T2;8;12370;07-11-2018
1266;Reasonable Bicycle Sales;300000.0;30000.0;International Security;BM;1970;Road;10000;3;DSL;6;12370;07-11-2018
1268;Out-of-the-Way Hotels;300000.0;30000.0;Guardian Bank;BM;1978;Mountain;8000;3;DSL;4;12370;07-11-2018
1270;Outdoor Sports Supply;300000.0;30000.0;Primary International;BM;1973;Mountain;9000;AW;DSL;2;12370;07-11-2018
1272;Outdoor Aerobic Systems Company;300000.0;30000.0;Reserve Security;BM;1981;Road;8000;AW;DSL;3;12370;07-11-2018
1274;Self-Contained Cycle Parts Company;300000.0;30000.0;United Security;BM;1976;Road;7000;3;DSL;4;12370;07-11-2018
1276;Metal Clearing House;300000.0;30000.0;International Bank;BM;1984;Touring;9000;3;T2;5;12370;07-11-2018
1278;Many Bikes Store;300000.0;30000.0;Primary Bank & Reserve;BM;1979;Mountain;10000;3;DSL;6;12370;07-11-2018
1280;Largest Bike Store;300000.0;30000.0;International Security;BM;1987;Road;7000;AW;T1;7;12370;07-11-2018
1282;Kickstands and Accessories Company;300000.0;30000.0;Guardian Bank;BM;1982;Touring;10000;2;T1;8;12370;07-11-2018
1284;Instruments and Parts Company;300000.0;30000.0;Primary International;BM;1990;Touring;8000;3;T1;9;12370;07-11-2018
1286;Neighborhood Bicycle Storehouse;800000.0;80000.0;Reserve Security;BM;1985;Touring;17000;3;T1;10;12370;07-11-2018
1288;Gear-Shift Bikes Limited;800000.0;80000.0;United Security;BM;1993;Road;21000;AW;T1;11;12370;07-11-2018
1290;Frugal Bike Shop;800000.0;80000.0;International Bank;BM;1988;Mountain;21000;2;T1;12;12370;07-11-2018
1292;Family Entertainment Center;3000000.0;300000.0;Guardian Bank;OS;1980;Touring;75000;4+;DSL;89;12370;07-11-2018
1294;Go-cart and Bike Specialists;3000000.0;300000.0;International Security;OS;1972;Mountain;78000;4+;DSL;90;12370;07-11-2018
1296;Trailblazing Sports;3000000.0;300000.0;Primary Bank & Reserve;OS;1977;Mountain;78000;3;T1;91;12370;07-11-2018
1298;Racing Partners;3000000.0;300000.0;International Bank;OS;1987;Mountain;79000;4+;DSL;92;12370;07-11-2018
1300;Perfect Toys;3000000.0;300000.0;United Security;OS;1974;Touring;76000;2;ISDN;93;12370;07-11-2018
1302;Exhibition Showroom;3000000.0;300000.0;Reserve Security;OS;1974;Mountain;77000;2;DSL;94;12370;07-11-2018
1304;Authorized Bike Sales and Rental;3000000.0;300000.0;Primary International;OS;1980;Touring;75000;3;T1;95;12370;07-11-2018
1306;Two-Seater Bikes;3000000.0;300000.0;Guardian Bank;OS;1986;Touring;80000;2;T1;96;12370;07-11-2018
1308;More Bikes!;3000000.0;300000.0;Primary Bank & Reserve;OS;1992;Road;79000;3;T2;97;12370;07-11-2018
1310;Unified Sports Company;3000000.0;300000.0;International Bank;OS;1998;Mountain;80000;4+;ISDN;98;12370;07-11-2018
1312;National Manufacturing;3000000.0;300000.0;United Security;OS;1999;Road;80000;3;DSL;99;12370;07-11-2018
1314;Volume Bike Sellers;3000000.0;300000.0;Reserve Security;OS;1999;Mountain;78000;4+;DSL;100;12370;07-11-2018
1316;Wheelsets Storehouse;3000000.0;300000.0;Primary International;OS;1979;Road;73000;2;T1;66;12370;07-11-2018
1318;Town Industries;1500000.0;150000.0;Reserve Security;OS;1974;Touring;38000;2;DSL;40;12370;07-11-2018
1320;Security Racks and Locks Wholesalers;1500000.0;150000.0;Primary International;OS;1980;Mountain;41000;4+;DSL;43;12370;07-11-2018
1322;Rapid Bikes;1500000.0;150000.0;Guardian Bank;OS;1986;Mountain;40000;2;T2;46;12370;07-11-2018
1324;Metro Sports Equipment;1500000.0;150000.0;International Security;OS;1992;Mountain;41000;4+;T1;49;12370;07-11-2018
1326;Nearby Sporting Goods;3000000.0;300000.0;Primary Bank & Reserve;OS;1998;Road;71000;4+;DSL;52;12370;07-11-2018
1328;Front Sporting Goods;3000000.0;300000.0;International Bank;OS;1999;Mountain;70000;2;DSL;55;12370;07-11-2018
1330;Elite Bikes;3000000.0;300000.0;United Security;OS;1999;Road;69000;2;DSL;58;12370;07-11-2018
1332;Catalog Store;3000000.0;300000.0;United Security;OS;1999;Mountain;69000;3;ISDN;55;12370;07-11-2018
1334;Chic Department Stores;3000000.0;300000.0;Reserve Security;OS;1999;Mountain;71000;4+;T1;58;12370;07-11-2018
1336;Eastside Department Store;3000000.0;300000.0;Primary International;OS;1979;Road;70000;3;DSL;61;12370;07-11-2018
1338;Sports Sales and Rental;3000000.0;300000.0;Guardian Bank;OS;1996;Mountain;72000;4+;T2;64;12370;07-11-2018
1340;Cycle Merchants;3000000.0;300000.0;International Security;OS;1991;Road;75000;3;DSL;67;12370;07-11-2018
1342;Global Sports Outlet;3000000.0;300000.0;Primary Bank & Reserve;OS;1993;Mountain;75000;4+;DSL;70;12370;07-11-2018
1344;Exotic Bikes;3000000.0;300000.0;International Bank;OS;1998;Road;75000;4+;ISDN;73;12370;07-11-2018
1346;Fitness Hotel;3000000.0;300000.0;United Security;OS;1990;Road;75000;2;T1;76;12370;07-11-2018
1348;Healthy Activity Store;3000000.0;300000.0;Reserve Security;OS;1995;Mountain;74000;4+;ISDN;79;12370;07-11-2018
1350;Every Bike Shop;3000000.0;300000.0;Primary International;OS;1987;Road;76000;2;T1;80;12370;07-11-2018
1352;Grand Industries;3000000.0;300000.0;Guardian Bank;OS;1992;Touring;77000;2;T1;81;12370;07-11-2018
1354;Ideal Components;3000000.0;300000.0;International Security;OS;1984;Touring;76000;3;DSL;82;12370;07-11-2018
1356;Larger Cycle Shop;3000000.0;300000.0;Primary Bank & Reserve;OS;1989;Road;77000;4+;T1;83;12370;07-11-2018
1358;Leading Sales & Repair;3000000.0;300000.0;International Bank;OS;1981;Road;75000;4+;T1;84;12370;07-11-2018
1360;Main Bicycle Services;3000000.0;300000.0;United Security;OS;1986;Road;75000;3;T2;85;12370;07-11-2018
1362;Metro Bike Mart;3000000.0;300000.0;Reserve Security;OS;1978;Mountain;76000;3;DSL;86;12370;07-11-2018
1364;Tandem Sales and Service;1500000.0;150000.0;International Bank;BS;1972;Road;38000;4+;DSL;34;12370;07-11-2018
1366;Sensible Sports;1500000.0;150000.0;United Security;BS;1978;Touring;37000;2;DSL;33;12370;07-11-2018
1368;Reliable Retail Center;1500000.0;150000.0;Reserve Security;BS;1984;Road;35000;4+;DSL;32;12370;07-11-2018
1370;Liquidation Sales;1500000.0;150000.0;Primary International;BS;1990;Touring;37000;4+;T1;31;12370;07-11-2018
1372;Friendly Bike Shop;1500000.0;150000.0;Guardian Bank;BS;1996;Road;39000;2;ISDN;30;12370;07-11-2018
1374;Yellow Bicycle Company;1000000.0;100000.0;International Security;BS;2001;Mountain;26000;4+;T1;29;12370;07-11-2018
1376;Sports Products Store;1000000.0;100000.0;Primary Bank & Reserve;BS;1971;Road;26000;4+;DSL;28;12370;07-11-2018
1378;Selected Distributors;1000000.0;100000.0;International Bank;BS;1998;Mountain;27000;3;DSL;27;12370;07-11-2018
1380;Impervious Paint Company;800000.0;80000.0;Primary Bank & Reserve;BS;1972;Mountain;18000;3;ISDN;10;12370;07-11-2018
1382;Shipping Specialists;800000.0;80000.0;International Bank;BS;1978;Road;20000;2;DSL;13;12370;07-11-2018
1384;Finer Sporting Goods;800000.0;80000.0;United Security;BS;1984;Touring;18000;4+;T1;16;12370;07-11-2018
1386;Authentic Sales and Service;800000.0;80000.0;Reserve Security;BS;1990;Mountain;20000;AW;DSL;19;12370;07-11-2018
1388;Official Parts Shop;1000000.0;100000.0;Primary International;BS;1996;Road;24000;4+;T1;22;12370;07-11-2018
1390;Contoso, Ltd.;1000000.0;100000.0;Guardian Bank;BS;2001;Road;24000;4+;T2;25;12370;07-11-2018
1392;Discount Tours;1000000.0;100000.0;International Security;BS;1971;Road;28000;4+;DSL;28;12370;07-11-2018
1394;Tire Exchange;1500000.0;150000.0;Primary Bank & Reserve;BS;1998;Mountain;36000;4+;T1;31;12370;07-11-2018
1396;Racing Tours;1500000.0;150000.0;International Bank;BS;1983;Mountain;36000;3;T1;34;12370;07-11-2018
1398;Oils and Fluids Warehouse;1500000.0;150000.0;United Security;BS;1995;Mountain;37000;3;T1;37;12370;07-11-2018
1400;Finished Parts Shop;1500000.0;150000.0;Reserve Security;BS;1995;Mountain;36000;3;DSL;40;12370;07-11-2018
1402;Consumer Equipment;1500000.0;150000.0;Primary International;BS;1992;Road;37000;4+;T2;43;12370;07-11-2018
1404;Rally Master Company Inc;3000000.0;300000.0;International Security;OS;1992;Touring;77000;2;T2;97;12370;07-11-2018
1406;Professional Cyclists;3000000.0;300000.0;Primary Bank & Reserve;OS;1998;Road;77000;3;T1;98;12370;07-11-2018
1408;Sports Products Store;3000000.0;300000.0;International Bank;OS;1999;Road;78000;3;ISDN;99;12370;07-11-2018
1410;Exclusive Bicycle Mart;3000000.0;300000.0;United Security;OS;1999;Road;77000;4+;DSL;100;12370;07-11-2018
1412;City Manufacturing;3000000.0;300000.0;Reserve Security;OS;1979;Mountain;75000;4+;DSL;66;12370;07-11-2018
1414;Bike Dealers Association;1500000.0;150000.0;United Security;OS;1974;Road;40000;3;T1;40;12370;07-11-2018
1416;Pedal Systems Company;1500000.0;150000.0;Reserve Security;OS;1980;Road;39000;4+;T3;43;12370;07-11-2018
1418;Health Spa, Limited;1500000.0;150000.0;Primary International;OS;1986;Road;40000;4+;T1;46;12370;07-11-2018
1420;Global Bike Retailers;1500000.0;150000.0;Guardian Bank;OS;1992;Touring;40000;4+;T1;49;12370;07-11-2018
1422;Fashionable Department Stores;3000000.0;300000.0;International Security;OS;1998;Mountain;68000;3;DSL;52;12370;07-11-2018
1424;Closeout Boutique;3000000.0;300000.0;Primary Bank & Reserve;OS;1999;Mountain;70000;3;T1;55;12370;07-11-2018
1426;Bicycle Merchandise Warehouse;3000000.0;300000.0;International Bank;OS;1999;Road;69000;4+;T1;58;12370;07-11-2018
1428;Spoke Manufacturers;3000000.0;300000.0;United Security;OS;1979;Road;74000;4+;T1;61;12370;07-11-2018
1430;Leather Seat Factory;3000000.0;300000.0;Reserve Security;OS;1996;Mountain;72000;4+;ISDN;64;12370;07-11-2018
1432;Good Bicycle Store;3000000.0;300000.0;Primary International;OS;1991;Road;71000;4+;ISDN;67;12370;07-11-2018
1434;Endurance Bikes;3000000.0;300000.0;Guardian Bank;OS;1993;Road;75000;3;DSL;70;12370;07-11-2018
1436;Practical Bike Supply Company;1000000.0;100000.0;International Security;BS;2001;Mountain;26000;3;DSL;25;12370;07-11-2018
1438;Some Discount Store;1000000.0;100000.0;Guardian Bank;BS;1996;Mountain;27000;2;T1;22;12370;07-11-2018
1440;Variety Cycling;800000.0;80000.0;Primary International;BS;1990;Touring;21000;AW;DSL;19;12370;07-11-2018
1442;Accessories Network;800000.0;80000.0;Reserve Security;BS;1984;Touring;22000;2;DSL;16;12370;07-11-2018
1444;Remote Bicycle Specialists;800000.0;80000.0;United Security;BS;1978;Road;19000;3;DSL;13;12370;07-11-2018
1446;Curbside Sporting Goods;800000.0;80000.0;International Bank;BS;1972;Road;20000;3;DSL;10;12370;07-11-2018
1448;Friendly Neighborhood Bikes;1000000.0;100000.0;United Security;BS;1998;Mountain;28000;4+;DSL;27;12370;07-11-2018
1450;Guaranteed Sales and Service;1000000.0;100000.0;International Bank;BS;1971;Road;28000;4+;T1;28;12370;07-11-2018
1452;Preferable Bikes;1000000.0;100000.0;Primary Bank & Reserve;BS;2001;Touring;24000;4+;DSL;29;12370;07-11-2018
1454;Recommended Bicycles;1500000.0;150000.0;International Security;BS;1996;Road;35000;4+;DSL;30;12370;07-11-2018
1456;Sunny Place Bikes;1500000.0;150000.0;Guardian Bank;BS;1990;Road;39000;4+;DSL;31;12370;07-11-2018
1458;Alpine Ski House;1500000.0;150000.0;Primary International;BS;1984;Road;37000;2;DSL;32;12370;07-11-2018
1460;Cycles and Scooters;1500000.0;150000.0;Reserve Security;BS;1978;Road;35000;4+;T1;33;12370;07-11-2018
1462;Small Bike Accessories Shop;1500000.0;150000.0;United Security;BS;1972;Touring;37000;3;T2;34;12370;07-11-2018
1464;List Price Catalog Company;1500000.0;150000.0;International Bank;BS;1988;Touring;37000;3;DSL;35;12370;07-11-2018
1466;Seats and Saddles Company;1500000.0;150000.0;Primary Bank & Reserve;BS;1976;Mountain;38000;4+;DSL;36;12370;07-11-2018
1468;Village Tours;1500000.0;150000.0;International Security;BS;1971;Mountain;40000;3;ISDN;37;12370;07-11-2018
1470;All Cycle Shop;1000000.0;100000.0;Primary International;BS;1998;Mountain;25000;3;DSL;27;12370;07-11-2018
1472;Tachometers and Accessories;1000000.0;100000.0;Reserve Security;BS;1971;Mountain;25000;4+;DSL;28;12370;07-11-2018
1474;Cycles Sales and Repair;1000000.0;100000.0;United Security;BS;2001;Touring;26000;3;T1;29;12370;07-11-2018
1476;Low Price Cycles;1500000.0;150000.0;International Bank;BS;1996;Mountain;36000;4+;DSL;30;12370;07-11-2018
1478;Metropolitan Manufacturing;1500000.0;150000.0;Primary Bank & Reserve;BS;1990;Road;39000;4+;DSL;31;12370;07-11-2018
1480;Orange Bicycle Company;1500000.0;150000.0;International Security;BS;1984;Road;37000;4+;T1;32;12370;07-11-2018
1482;Riding Associates;1500000.0;150000.0;Guardian Bank;BS;1978;Mountain;36000;4+;DSL;33;12370;07-11-2018
1484;Essential Bike Works;1500000.0;150000.0;Primary International;BS;1972;Road;39000;4+;DSL;34;12370;07-11-2018
1486;Rural Mountain Bike Mart;1500000.0;150000.0;Reserve Security;BS;1988;Road;39000;4+;T1;35;12370;07-11-2018
1488;City Cycling;1500000.0;150000.0;United Security;BS;1976;Road;37000;2;T1;36;12370;07-11-2018
1490;Engineered Bike Systems;1500000.0;150000.0;International Bank;BS;1971;Touring;40000;4+;T2;37;12370;07-11-2018
1796;Professional Containers and Packaging Co.;1500000.0;150000.0;International Security;BS;1997;Mountain;38000;4+;DSL;46;12370;07-11-2018
1798;One Bike Company;1500000.0;150000.0;Primary Bank & Reserve;BS;1989;Mountain;41000;3;DSL;49;12370;07-11-2018
1800;Hiatus Bike Tours;1500000.0;150000.0;International Bank;BS;1994;Touring;40000;2;T2;48;12370;07-11-2018
1802;Cycling Goods;1500000.0;150000.0;United Security;BS;1986;Road;37000;4+;DSL;47;12370;07-11-2018
1804;Cycle Clearance;1500000.0;150000.0;Reserve Security;BS;1991;Touring;40000;2;T1;46;12370;07-11-2018
1806;Black Bicycle Company;1500000.0;150000.0;Primary International;BS;1983;Mountain;40000;4+;DSL;45;12370;07-11-2018
1808;Transport Bikes;1500000.0;150000.0;Guardian Bank;BS;1988;Touring;41000;3;ISDN;44;12370;07-11-2018
1810;Sellers of Cycles;1500000.0;150000.0;International Security;BS;1980;Road;37000;4+;DSL;43;12370;07-11-2018
1812;Maintenance and Repair for Bicycles;1500000.0;150000.0;Primary Bank & Reserve;BS;1985;Touring;41000;4+;DSL;42;12370;07-11-2018
1814;Fitness Department Stores;1500000.0;150000.0;International Bank;BS;1977;Touring;37000;3;T2;41;12370;07-11-2018
1816;Famous Bike Shop;1500000.0;150000.0;United Security;BS;1982;Mountain;37000;4+;DSL;40;12370;07-11-2018
1818;Eastward Bike Accessories;1500000.0;150000.0;Reserve Security;BS;1974;Touring;39000;3;DSL;39;12370;07-11-2018
1820;Strong Metal Manufacturing;1500000.0;150000.0;Primary International;BS;1979;Road;36000;4+;DSL;38;12370;07-11-2018
1822;Gift and Toy Store;1500000.0;150000.0;Guardian Bank;BS;1971;Road;36000;4+;DSL;37;12370;07-11-2018
1824;Major Sporting Goods;1500000.0;150000.0;International Security;BS;1976;Road;40000;4+;DSL;36;12370;07-11-2018
1826;Executive Discount Store;1500000.0;150000.0;Primary Bank & Reserve;BS;1988;Road;39000;4+;T1;35;12370;07-11-2018
1828;Major Cycling;3000000.0;300000.0;International Security;OS;1995;Road;77000;2;T2;79;12370;07-11-2018
1830;Getaway Inn;3000000.0;300000.0;Primary Bank & Reserve;OS;1987;Road;75000;4+;T1;80;12370;07-11-2018
1832;Downhill Bicycle Specialists;3000000.0;300000.0;International Bank;OS;1992;Mountain;77000;2;DSL;81;12370;07-11-2018
1834;Bike Experts;3000000.0;300000.0;United Security;OS;1984;Mountain;73000;4+;DSL;82;12370;07-11-2018
1836;Extraordinary Bike Works;3000000.0;300000.0;Reserve Security;OS;1989;Mountain;75000;2;T2;83;12370;07-11-2018
1838;Valley Bicycle Distributors;3000000.0;300000.0;Primary International;OS;1981;Road;76000;4+;DSL;84;12370;07-11-2018
1840;Top Sports Supply;3000000.0;300000.0;Guardian Bank;OS;1986;Mountain;78000;3;DSL;85;12370;07-11-2018
1842;Racing Sales and Service;3000000.0;300000.0;International Security;OS;1978;Road;77000;3;DSL;86;12370;07-11-2018
1844;Metropolitan Bicycle Supply;3000000.0;300000.0;Primary Bank & Reserve;OS;1983;Mountain;78000;4+;DSL;87;12370;07-11-2018
1846;Honest Repair Service;3000000.0;300000.0;International Bank;OS;1975;Touring;77000;3;DSL;88;12370;07-11-2018
1848;Designer Department Stores;3000000.0;300000.0;United Security;OS;1980;Road;74000;3;T2;89;12370;07-11-2018
1850;Wheel Gallery;3000000.0;300000.0;Reserve Security;OS;1972;Road;79000;2;DSL;90;12370;07-11-2018
1852;Top Bike Market;3000000.0;300000.0;International Bank;OS;1987;Touring;75000;3;T1;80;12370;07-11-2018
1854;Region Bike Company;3000000.0;300000.0;United Security;OS;1992;Road;75000;2;DSL;81;12370;07-11-2018
1856;Grown-up Bike Store;3000000.0;300000.0;Reserve Security;OS;1984;Mountain;75000;3;DSL;82;12370;07-11-2018
1858;Bicycle Lines Distributors;3000000.0;300000.0;Primary International;OS;1989;Mountain;77000;3;DSL;83;12370;07-11-2018
1860;Sparkling Paint and Finishes;3000000.0;300000.0;Guardian Bank;OS;1981;Mountain;76000;2;DSL;84;12370;07-11-2018
1862;Racing Association;3000000.0;300000.0;International Security;OS;1986;Road;76000;3;T1;85;12370;07-11-2018
1864;Plastic Parts Company;3000000.0;300000.0;Primary Bank & Reserve;OS;1978;Mountain;76000;4+;DSL;86;12370;07-11-2018
1866;Gears and Parts Company;3000000.0;300000.0;International Bank;OS;1983;Touring;74000;2;T1;87;12370;07-11-2018
1868;Executive Gift Store;3000000.0;300000.0;United Security;OS;1975;Mountain;76000;3;DSL;88;12370;07-11-2018
1870;Big Cycle Mall;3000000.0;300000.0;Reserve Security;OS;1980;Touring;77000;4+;DSL;89;12370;07-11-2018
1872;Budget Bike Company;800000.0;80000.0;International Bank;BM;1997;Road;22000;AW;ISDN;18;12370;07-11-2018
1874;Eighth Bike Store;800000.0;80000.0;Primary Bank & Reserve;BM;1975;Touring;21000;3;T2;19;12370;07-11-2018
1876;Demand Distributors;1000000.0;100000.0;International Security;BM;2000;Road;24000;4+;T1;20;12370;07-11-2018
1878;Immediate Repair Shop;800000.0;80000.0;Guardian Bank;BM;2000;Mountain;22000;4+;T2;17;12370;07-11-2018
1880;Off-Price Bike Center;800000.0;80000.0;Primary International;BM;1994;Touring;22000;4+;T1;14;12370;07-11-2018
1882;Red Bicycle Company;800000.0;80000.0;Reserve Security;BM;1988;Mountain;18000;3;DSL;11;12370;07-11-2018
1884;Retirement Activities Association;300000.0;30000.0;United Security;BM;1982;Road;11000;4+;T1;8;12370;07-11-2018
1886;Trendy Department Stores;300000.0;30000.0;International Bank;BM;1976;Touring;9000;AW;DSL;5;12370;07-11-2018
1888;Vintage Sport Boutique;300000.0;30000.0;Primary Bank & Reserve;BM;1970;Touring;9000;AW;DSL;2;12370;07-11-2018
1890;Travel Sports;800000.0;80000.0;United Security;BM;1997;Mountain;18000;4+;DSL;17;12370;07-11-2018
1892;West Side Mart;800000.0;80000.0;International Bank;BM;1975;Touring;19000;3;DSL;18;12370;07-11-2018
1894;The Bike Outlet;800000.0;80000.0;Primary Bank & Reserve;BM;2000;Touring;21000;2;T1;19;12370;07-11-2018
1896;Tenth Bike Store;800000.0;80000.0;International Bank;BM;1994;Road;23000;4+;DSL;18;12370;07-11-2018
1898;Valuable Bike Parts Company;800000.0;80000.0;Primary Bank & Reserve;BM;1988;Mountain;20000;2;DSL;16;12370;07-11-2018
1900;Fun Times Club;800000.0;80000.0;International Security;BM;1982;Road;22000;3;DSL;14;12370;07-11-2018
1902;Chain and Chain Tool Distributions;800000.0;80000.0;Guardian Bank;BM;1976;Road;20000;3;DSL;12;12370;07-11-2018
1904;Mobile Outlet;800000.0;80000.0;Primary International;BM;1970;Road;17000;2;T1;10;12370;07-11-2018
1906;Regional Cycle Shop;300000.0;30000.0;Reserve Security;BM;1975;Road;10000;2;DSL;8;12370;07-11-2018
1908;Rural Bicycle Supply;300000.0;30000.0;United Security;BM;1970;Mountain;10000;4+;DSL;6;12370;07-11-2018
1910;Wingtip Toys;800000.0;80000.0;International Bank;BM;1999;Mountain;20000;3;T1;15;12370;07-11-2018
1912;The Cycle Store;800000.0;80000.0;Primary Bank & Reserve;BM;1994;Mountain;22000;3;T1;16;12370;07-11-2018
1914;Educational Services;800000.0;80000.0;International Security;BM;1987;Touring;19000;2;DSL;17;12370;07-11-2018
1916;Active Life Toys;800000.0;80000.0;Guardian Bank;BM;1997;Road;20000;4+;T1;18;12370;07-11-2018
1918;Simple Bike Parts;800000.0;80000.0;Primary International;BM;1975;Road;21000;4+;DSL;19;12370;07-11-2018
1920;Timely Shipping Service;1000000.0;100000.0;Reserve Security;BM;2000;Mountain;24000;2;T1;20;12370;07-11-2018
1922;A Cycle Shop;800000.0;80000.0;United Security;BM;2000;Touring;22000;3;T2;17;12370;07-11-2018
1924;Bike Products and Accessories;800000.0;80000.0;International Bank;BM;1994;Mountain;19000;AW;T2;14;12370;07-11-2018
1926;Fitness Toys;800000.0;80000.0;Primary Bank & Reserve;BM;1988;Touring;21000;2;T1;11;12370;07-11-2018
1928;Quick Parts and Service;300000.0;30000.0;International Security;BM;1984;Touring;7000;4+;DSL;5;12370;07-11-2018
1930;Reliable Brake Systems;300000.0;30000.0;Guardian Bank;BM;1979;Mountain;7000;3;DSL;6;12370;07-11-2018
1932;Thrifty Parts and Sales;300000.0;30000.0;Primary International;BM;1987;Road;8000;2;DSL;7;12370;07-11-2018
1934;A Typical Bike Shop;300000.0;30000.0;Reserve Security;BM;1982;Road;8000;AW;T1;8;12370;07-11-2018
1936;Active Transport Inc.;300000.0;30000.0;United Security;BM;1990;Road;8000;AW;T2;9;12370;07-11-2018
1938;Cycle Parts and Accessories;800000.0;80000.0;International Bank;BM;1985;Touring;20000;3;T2;10;12370;07-11-2018
1940;Fasteners & Bolts Outlet;800000.0;80000.0;Primary Bank & Reserve;BM;1993;Touring;18000;4+;DSL;11;12370;07-11-2018
1942;Functional Store North;800000.0;80000.0;International Security;BM;1988;Mountain;19000;3;DSL;12;12370;07-11-2018
1944;Quantity Discounts;800000.0;80000.0;Guardian Bank;BM;1996;Road;19000;3;DSL;13;12370;07-11-2018
1946;Swift Cycles;800000.0;80000.0;Primary International;BM;1991;Road;22000;3;ISDN;14;12370;07-11-2018
1948;Classic Cycle Store;800000.0;80000.0;Reserve Security;BM;1999;Mountain;22000;2;DSL;15;12370;07-11-2018
1950;Helpful Sales and Repair Service ;800000.0;80000.0;United Security;BM;1994;Touring;19000;4+;DSL;16;12370;07-11-2018
1952;Large Bike Shop;800000.0;80000.0;International Bank;BM;1987;Mountain;19000;4+;T1;17;12370;07-11-2018
1954;Recreation Supplies;800000.0;80000.0;Primary Bank & Reserve;BM;1997;Mountain;22000;3;DSL;18;12370;07-11-2018
1956;Wire Baskets and Parts;800000.0;80000.0;International Security;BM;1975;Road;19000;4+;DSL;19;12370;07-11-2018
1958;Ultimate Bicycle Company;3000000.0;300000.0;International Security;OS;1974;Mountain;78000;2;T1;94;12370;07-11-2018
1960;Sports Store;3000000.0;300000.0;Primary Bank & Reserve;OS;1980;Mountain;76000;3;DSL;95;12370;07-11-2018
1962;Metropolitan Equipment;3000000.0;300000.0;International Bank;OS;1986;Road;78000;2;DSL;96;12370;07-11-2018
1964;Extended Tours;3000000.0;300000.0;United Security;OS;1992;Road;78000;4+;T1;97;12370;07-11-2018
1966;Convenient Sales and Service;3000000.0;300000.0;Reserve Security;OS;1998;Road;77000;4+;T1;98;12370;07-11-2018
1968;Solid Bike Parts;3000000.0;300000.0;Primary International;OS;1999;Road;77000;4+;DSL;99;12370;07-11-2018
1970;Permanent Finish Products;3000000.0;300000.0;Guardian Bank;OS;1999;Mountain;79000;4+;DSL;100;12370;07-11-2018
1972;Mercantile Outlet;3000000.0;300000.0;International Security;OS;1979;Mountain;71000;4+;T1;66;12370;07-11-2018
1974;Links Works;1500000.0;150000.0;Guardian Bank;OS;1974;Mountain;39000;2;DSL;40;12370;07-11-2018
1976;Exhilarating Cycles;1500000.0;150000.0;International Security;OS;1980;Road;40000;3;T2;43;12370;07-11-2018
1978;Exercise Center;800000.0;80000.0;Guardian Bank;BM;1975;Mountain;23000;2;T1;19;12370;07-11-2018
1980;Great Bicycle Supply;1000000.0;100000.0;Primary International;BM;2000;Mountain;27000;4+;T1;20;12370;07-11-2018
1982;Mail-Order Outlet;800000.0;80000.0;Reserve Security;BM;2000;Road;18000;4+;T1;17;12370;07-11-2018
1984;Nearby Cycle Shop;800000.0;80000.0;United Security;BM;1994;Mountain;20000;2;T1;14;12370;07-11-2018
1986;Recreation Toy Store;800000.0;80000.0;International Bank;BM;1988;Mountain;17000;3;T1;11;12370;07-11-2018
1988;Retreat Inn;300000.0;30000.0;Primary Bank & Reserve;BM;1982;Road;7000;4+;T2;8;12370;07-11-2018
1990;Technical Parts Manufacturing;300000.0;30000.0;International Security;BM;1976;Touring;7000;4+;T1;5;12370;07-11-2018
1992;Totes & Baskets Company;300000.0;30000.0;Guardian Bank;BM;1970;Road;6000;4+;DSL;2;12370;07-11-2018
1994;World of Bikes;800000.0;80000.0;Primary Bank & Reserve;BM;1997;Mountain;19000;4+;T1;17;12370;07-11-2018
2051;A Bicycle Association;800000.0;80000.0;International Security;BM;1975;Touring;19000;2;T1;18;12370;07-11-2018
